,구분,제조사,제조국,표준 장치명,세부 장치명,모델명,시설원예,한우,낙농,육우,양돈,양계,오리,사슴,양봉,곤충,말,KC 인증여부,동물용 의료기기 허가,특혀번호,주요기능,전송 구성도,사업 분야,농장명/업체명,농장주,모델명,수 량,계약 금액,사업 년도,판매 형태
0,시설원예,주식회사 하나로수경,대한민국,양액기,양액기,HS-8000,O,X,X,X,X,X,X,X,X,X,X,인증,해당없음,,"- 프로그램 별 EC, pH, 유량, 광량, 지습 정보 표시
- 양액 및 관수 방법 수동 또는 자동 제어 지원
- 양액 총 공급량, 공급 횟수 정보 제공
- 관수 시간 작동 조건 설정 지원
- 센서 보정 기능 
- 과거 데이터 현황 확인 기능",기타,-,-,-,-,-,-,-,-
1,시설원예,주식회사 하나로수경,대한민국,환경제어기,환경제어기,하나로하이팜,O,X,X,X,X,X,X,X,X,X,X,인증,해당없음,,"본 시스템은 하우스 내, 외부의 생장환경(일사, 감우, 외부온도, 외부습도, 풍향, 풍속, 실내온도, 실내습도, 실내 CO2) 을 감지기로부터 데이터 수집 후 통합제어기를 통해  설정된 온실운용 프로그램에 따라 하우스에 설치되어 있는 각종 구동제어기들을 제어하여 작물의 최적생육 환경을 조성하고 데이터를 저장하여 재배자가 원하는 온실 환경을 제공하는 시스템",기타,-,-,-,-,-,-,-,-
2,"시설원예, 축산",휴미템,대한민국,환경제어기,환경제어기,RichA1,O,X,X,X,O,X,X,X,X,X,X,인증,해당없음,10-1267633,"습도대비 온도 제어 시스템은 습도에 변화에 따라 온도를 변온 관리하여 사육환경을 최적화시켜 증체량 증가, 질병예방, 사료비절감, 연료비 절감, 노동력절감, 생산성 향상 등 많은 부가가치를 창출, 환경 친화적인 가축사육을 가능하게 한다.

1) 가축 생육 최적 환경 제공
  습도를 고려한 최적의 온도를 자동으로 맞춰 가축 생육의 최적의 환경을 제공한다. 다시 말하면, 돼지가 실제로 피부로 느끼는 체감온도를 맞추어 생육하기에 최적의 환경으로 만들어 면역력증가로 환절기 호흡기 예방 및 증체량 증가, 출하 일령 단축 등 많은 시너지 효과를 얻을 수 있다. 

2) 습도대비 온도관리 통합 시스템
  별도의 외부 장치 없이 1대의 컨트롤러로 가변1차, 가변 2차, 가변 3차, 4차 휀 환기를 습도대비 온도를 기준으로 제어 한다. 기존에 설치된 환기 휀을 교체 없이 그대로 사용 가능하여 시설 투자비를 절감 할 수 있다. 컨트롤러 추가 없이 포유자돈 보온열등, 가습기, 제습기, 냉방 쿨링시스템 등 돈사 통합 관리 시스템으로 사용할 수 있다.

3) 간편한 세팅으로 자동 온습도 관리
  단 한 번의 설정으로 사계절 돈사 내부의 온도와 습도를 자동으로 관리하는 인공지능 시스템이다. 사용자 설정에 따라 분만 모돈용, 임신 모돈용, 자돈용, 육성 및 비육용으로 사용 가능한 효율적인 온습도 제어 시스템이다. 

4) 효율적인 관리로 운영비용 절감
  돈사 내부 습도를 고려한 온도 제어시스템을 사용하면 양돈 사육하기에 최적의 환경을 만들기 때문에 불필요한 난방비 및 냉방비를 절감할 수 있다. 최적의 환경을 제공하기에 증체량 대비 사료비의 효율을 극대화 한다. 양돈 사육에 알맞은 환경을 만들어 주어 질병에 대한 자체 면역력을 향상시켜 약품비를 절감 한다.",자체서버,-,-,-,-,-,-,-,-
3,"시설원예, 축산",휴미템,대한민국,환풍기,환풍기,RS-No1,O,X,X,X,O,X,X,X,X,X,X,인증,해당없음,10-1976264,"- 간접 정밀 공조 (돈사, 하우스 내외부 공기 순환)
- 환기팬 자동 정밀 제어(상부팬, 하부팬)
- 환경 필터말을 이용한 악취 저감
- 비상시 동작 완벽 지원",자체서버,-,-,-,-,-,-,-,-
4,시설원예,(유)금화이엔에스,대한민국,양액기,양액기,NEO-H,O,X,X,X,X,X,X,X,X,X,X,인증,해당없음,,"작물 성장에 필요한 영양분을 재때에 공급하여 생산성과 품질향상 효과를 극대화하며, 외부환경과 내부 환경을 분석하여 작물에 필요한 양을 계산하여 공급하는 시스템.
각 주기별 다른 조건으로 개별 설정이 가능
시비 후 제어기능을 통해 투입관에 남아있는 잔류 양액 투입
PC 프로그램을 통해 관수량, 양액량, 환경정보 등 누적 데이터를 제공
양액공급 시 구역별 그 구역의 직전 DATA 값을 동기화하여 운전 시작
카카오톡을 통한 알림 서비스 제공",농가PC,-,-,-,-,-,-,-,-
5,"시설원예, 축산",(주)로그인서광,한국,환경제어기,환경제어기,LSG-CONT3201,O,O,O,O,O,O,O,O,O,O,O,인증,해당없음,,"1 (주)로그인서광의 스마트컨트롤러 LSG-CONT3201은 스위치16채널, 개폐기 16채널, 총 32채널을 원격 및 수동 조작 할 수 있는 제어장치 
(Controller)입니다.
2 본 제품은  한국농업기술진흥원  표준프로토콜인  검정기준  KSX3267을 준수하며 필요에 따라서 전면 패널을 사용한 수동기반의 제어가 가능 
한 제품입니다.
3 본 제품의 구동 로직은 PLC(Programmable Logic Controller)를 사용하여 동작에 대한 고 신뢰성의 제품이며, 특히 HMI(Human Machine Interface) 
패널 사용으로 사용자가 직관적으로 사용하기 편리함과 확장성을 보유하고 있는 제품입니다.
4 제어반의  스위치  16채널은  타이머  설정  스위치가  있어  정해진  시간동안  릴레이  스위치를  가동  할 수 있으며  필요에  따라  지속  동작도 
설정할 수 있습니다.
5 또한  본 제품의  특징인  키오스크  모니터링시스템과의  연동을  통해서 중앙 집중제어가 가능하도록 구동기 노드가 포함되어 있으며, 구동기 
노드는 한국농업기술지흥원 인증(검정시험)을 받은 제품으로 구성되어 있습니다.
6 부가적으로  키오스크와  온·습도센서,일사센서,풍향·풍속센서,감우  센서 등으로 구성된 ㈜로그인서광 스마트팜 제품군과 연동하여 설정에 따른 
제어가 가능하며, 필요시 행잉 베드제어도 가능하도록 설계되어 있으므로 추후 앱(App)과 연동하여 스마트폰으로 모니터링과 제어가 가능 하도록 개발된 제품입니다.",클라우드,-,-,-,-,-,-,-,-
6,시설원예,(유)금화이엔에스,대한민국,환경제어기,환경제어기,NEO1000,O,X,X,X,X,X,X,X,X,X,X,인증,해당없음,,"다양한 센서(온도, 습도, co2, 일사, 풍향, 풍속 등)와 구동기(천창, 측장, 커튼 등) 냉난방기 등 다양한 기계장치를 제어함으로써 작물에 알맞는 생육환경을 조성
제품 1대로 최대 8구역의 시설을 제어할 수 있으며, PC모니터링 시스템을 제공하여 시설 내부의 상황을 실시간으로 확인할 수 있음.",농가PC,-,-,-,-,-,-,-,-
7,"시설원예, 축산",(주)귿큰,한국,환경제어기,환경제어기,ICTINTERCOP(V1),O,O,O,O,O,O,O,O,O,O,O,미인증,해당없음,특허출원 제 10-2023-0075001 외 3건 (심사.공개),"본 발명은 제어기능 통합과 통합기능에 대한 테이터 관리가 가능한 환경제어장치에 관한 것으로, 
종례 축산이나 원예시설에 설치하는 급이기, 급수기, 분무기, 영양기, 개폐기, 환풍기, 선풍기, 온도, 습도, 탄소, 전등, 분만, 분료, 발정, 우적, 안개, 일사, 카메라, 스탄치온 등의 다수 다양한 환경제어장치들의 대표적 기능 중에 ON-OFF 또는 상하좌우 작동을 위한 제어기능 만을 각각 모두 추출하고 집약적으로 재구성하여 상기 다수 다양의 환경제어장치들의 제어기능을 집약적으로 관리할 수 있는 제어기능 통합과 통합기능에 대한 테이터 관리가 가능한 환경제어장치",자체서버,-,-,-,-,-,-,-,-
8,"시설원예, 축산",케이앤디글로벌,국산,환경제어기,환경제어기,i-1100,O,O,O,O,O,O,O,O,O,O,O,인증,해당없음,,"1. 원예.축산농가 에서 여러 장치들을 원격으로 환경정보를 수집
2. 원예.축산농가 에서 쓰이는 여러 장치들을 연결하여  원격으로 제어
3. 원예.축산농가 에서 쓰이는 장치들과 통신하여 상태정보 수집
4. 원예.축산농가 에서 쓰이는 장치들의 고장 진단 여부 파악
5. 원예.축산농가 에서 외부에서 PC나 휴대폰에서 웹을 통해 장치들 상태를 볼수 있다.
6. 원예.축산농가 에서 수집된 정보들을 저장 REPORT하는 기능",클라우드,-,-,-,-,-,-,-,-
9,시설원예,(주)나래트랜드,대한민국,환경제어기,환경제어기,반딧불이-스마트팜원격제어시스템,O,X,X,X,X,X,X,X,X,X,X,미인증,해당없음,,"1. 현장개폐기와 연동 원격에서 스마트폰으로 개폐기 제어가능
2. 온도, 습도 등 센서 설정 값에 따라 단순 자동제어 기능 포함
3. 유사시(정전, 침입, 온도이상 등) 스마트폰으로 즉시 경보전송
4. 스마트폰 앱을 통해 영상/센서데이터 실시간 모니터링
5. CCTV 카메라를 통한 24시간 감시 및 영상녹화",클라우드,-,-,-,-,-,-,-,-
10,시설원예,(주)나래트랜드,대한민국,환경제어기,환경제어기,반딧불이-복합환경제어시스템,O,X,X,X,X,X,X,X,X,X,X,인증,해당없음,,"1. 생육환경에 최적화한 지능형 복합제어 알고리즘 적용
2. 개도율에 따른 정밀제어가능 및 스마트 알고리즘 적용
3. 천창, 측창, 커튼, 측커튼 및 난방, CO2 공급 자동제어
4. 작동시간, 내.외부환경 등 다양한 조건별 다중제어 설정
5. 스마트폰/PC 단말기 제약없이 동일한 웹기반 관제 가능",클라우드,-,-,-,-,-,-,-,-
11,시설원예,농업회사법인 주식회사 그린첨단과학온실,한국,환경제어기,환경제어기,GODS-5000,O,X,X,X,X,X,X,X,X,X,X,미인증,해당없음,,"1. 수동제어
- 컨트롤박스에서 사용자가 시설의 개폐기를 조작할 수 있음(AC/DC 개폐모터 및 유동팬/환풍기, 관수모터/전자밸브)
2. 자동제어
- 사용자가 사전에 지정해 둔 설정값을 기초로 각종 센서와 타이머를 통한 시설의 개폐기 및 기기들을 자동을 통제함
- 우적센서, 온도센서, 타이머 설치가 필요함
3. 원격제어
- 사용자가 원격지에서 스마트폰에 접속(전용어플 접속)하여 온실의 상황을 실시간으로 모니터링 할 수 있음
- 전용어플을 통한 시설의 개폐기 및 기기들을 직접 통제가능함
- 별도 온도센서와 강우센서, CCTV를 옵션으로 설치하고 있음",클라우드,-,-,-,-,-,-,-,-
12,"시설원예, 축산",주식회사 큐빅스,대한민국,환경제어기,환경제어기,QSM,O,O,O,O,O,O,O,O,O,O,O,인증,해당없음,,"센서기기에서 측정한 센서데이터(온습도, 조도, CO2, 유량, 화재감지, 출입문개폐감지, 수위감지, 누수감지 등)를  wifi공유기(또는 LTE, 유선랜, LoRa게이트웨이)를 통하여 농가내부 서버나 제조사 클라우드서버로 전송하여 데이터를 적재합니다.
서버에 적재된 데이터는 별도 프로그램 없이 웹브라우저(크롬 또는 엣지 등)를 이용하여 언제 어디서든 스마트폰이나 PC에서 조회 가능합니다.
센서 데이터가 설정 범위를 벗어나거나 통신/전원 이상시 SMS 알림 문자를 자동 발송합니다.",자체서버,-,-,-,-,-,-,-,-
13,"시설원예, 축산",케이앤디글로벌,국산,환경제어기,환경제어기,i-1100,O,O,O,O,O,O,O,O,O,O,O,인증,해당없음,,"1. 원예.축산농가 에서 여러 장치들을 원격으로 환경정보를 수집
2. 원예.축산농가 에서 쓰이는 여러 장치들을 연결하여  원격으로 제어
3. 원예.축산농가 에서 쓰이는 장치들과 통신하여 상태정보 수집
4. 원예.축산농가 에서 쓰이는 장치들의 고장 진단 여부 파악
5. 원예.축산농가 에서 외부에서 PC나 휴대폰에서 웹을 통해 장치들 상태를 볼수 있다.
6. 원예.축산농가 에서 수집된 정보들을 저장 REPORT하는 기능",클라우드,-,-,-,-,-,-,-,-
14,"시설원예, 축산",주식회사 대단,대한민국,환경제어기,환경제어기,TCZ41,O,O,O,X,O,O,O,X,X,O,X,미인증,해당없음,,"IoT 무선 온도제어기는 쇼케이스와 저온 저장고의 유니트쿨러 제어와 관리를 위해 개발 되었으며, 손 쉬운 설정, 간편한 설치, 편리한 연결, 다양한 네트워크 지원 등으로 대단이 제공하는 최고의 기술을 대표하는 제품입니다. IoT 무선 온도제어기 1개의 제품으로 네트워크 연결만으로 언제 어디서나 스마트폰 or 태블릿 등에서 원격제어가 가능한 제품. 또한 긴급 상황 발생 시 실시간 SMS 서비스가 가능한 게 특징.",클라우드,-,-,-,-,-,-,-,-
15,시설원예,(주)팜패스,대한민국,환경제어기,환경제어기,팜내비,O,X,X,X,X,X,X,X,X,X,X,인증,해당없음,,"* 연동, 단동 시설하우스 및 첨단온실 온습도 조절 자동 개폐제어
* 유동팬, 환기팬, 난방기 등 주변기기 온오프 자동제어
* 12구역 관수 자동제어(스케줄제어 및 2모터 지원)
* 양액기 스마트폰 연동 제어
* 터치스크린 기반 자동제어, 스마트폰 원격모니터링 및 제어
* 클라우드 센서정보, 작동, 에러정보 등 기록 및 조회",자체서버,-,-,-,-,-,-,-,-
16,"시설원예, 축산",(주)규원테크,대한민국,기타,,Biomass-Boiler(2Mth),O,O,O,O,O,O,O,O,O,O,O,인증,해당없음,,"1. 국내 최로 무빙스토커식 버너(특허인증)로 자동적으로 BOTTOM ASH 처리 가능한 버너, 다양한 연료 연소 가능
2. 연소로가 스팀발생부와 별도, 연소실에서 발생된 ASH가 자동처리, 연소실내벽이 고온 케스타블 또는 벽돌로 구성
3. 외부는 습식물자켓으로 되어있어 효율이 높음
4. HI-TAB, FGR 연소기술 적용 
5. 전자동 O2 비례제어시스템
6. 자동청소장치 및 화염감지장치 구비로 자동으로 운전가능
7. ICT 컨트롤보드 장착하여 시설 및 축산농가의 환경정보(온습도, 암모니아, tVOC 등) 수집, 
   전류감지 센서로 화재예방 및 고장진단, Relay On/Off 제어 설비 연동, 실시간 PC 및 모바일 웹 모니터링",클라우드,-,-,-,-,-,-,-,-
17,시설원예,그린씨에스(주),대한민국,양액기,양액기,MAGMA1000V20,O,X,X,X,X,X,X,X,X,X,X,인증,해당없음,10-2079294,"본 시스템은 양액시스템 구축으로 관수 및 액비를 공급하며 작물의 최적생육 환경을 조성하고 데이터를 저장하여 재배자가 원하는 온실 환경을 제공하는 시스템
- 순환식 수경재배에 있어서 온실에서 배출되는 배액을 3way 밸브를 통해 원수와 함께 공급할 때 다양한 종류의 배액을 각각 조절할 수 있는 배액 재활용 컨트롤러와 연동 가능
- 관수 시작시간을 일출전후, 고정시간에 의해 설정 가능(매일변화되는 일출시간에 따라 관수시작시간이 자동변경)
- 각 주기별로 누적일사량에 의한 관수, 최대, 최소 대기시간 등을 설정 값을 달리하여 근권부의 수분과 양분의 균형을 최적으로 조절 가능
- 1회 관수량을 시간에 의한 구역별, 드리퍼 등의 공급량을 선택하여 설정 가능
- 2개 이상의 그룹을 각각 설정하여 관수 구역별로 사용 가능
- 구역별 관수량을 시간, 공급량을 복수로 설정하여 관수량 결정
- EC/pH 상한, 하한 기준을 정하고, 센서 오작동시 비례제어 설정 값으로 양액 공급 가능
- 공급된 관수량, EC, pH 센싱값, 횟수, 시간 등의 데이터 저장 및 출력 가능
- 온실복합환경제어기와의 연계를 통하여 일사 센서값을 공유하며, PC 제어가 가능함
- 전일 누적 일사량에 의해 양액탱크 선택이 가능",농가PC,-,-,-,-,-,-,-,-
18,시설원예,그린씨에스(주),대한민국,환경제어기,환경제어기,MAGMAPLUS-1000,O,X,X,X,X,X,X,X,X,X,X,인증,해당없음,10-0908027,"- 지상부 환경관리 : 복합센서를 이용한 지상부 환경관리 구동기 자동제어
   - 근권부 환경관리 : 실시간 근권부 환경센싱을 통한 정밀양액공급 및 배액재활용을 통한 순환식 수경재배기술 실현
   - 환경 및 구동기정보 모니터링 : 희망하는 기간 동안의 구동기의 개폐, 공급, 동작 양, 횟수 등과 근권부, 지상부, 외부기상센싱 값 상태 모니터링 및 분석
   - 농작물 환경맞춤 자동온실관리 : 
·ICT기술을 활용한 온실운용S/W를 PC, 모바일을 통한 실시간 제어 및 모니터링
·최소 1구역에서 최대 10구역까지 온실상태를 하나의 프로그램으로 각각 개별설정 관리
·환기, 난방온도에 대하여 24기준 예측 시뮬레이션을 통한 정밀환경관리",자체서버,-,-,-,-,-,-,-,-
19,시설원예,(주)우성하이텍,대한민국,환경제어기,환경제어기,FS-50,O,X,X,X,X,X,X,X,X,X,X,인증,해당없음,제 10-1566445 호 (복합환경 제어시스템 및 그의 제어방법),"정밀 환경제어 , PC ,모바일 원격제어, 실시간 영상확인, 데이터 저장 및 활용, 비상시 SMS 통보, 농장상태 원격 조회,
자사 양액공급기 연동",자체서버,-,-,-,-,-,-,-,-
20,"시설원예, 축산",주식회사 디오비에스,대한민국,환경제어기,환경제어기,RF-4528PL,O,O,O,O,O,O,O,O,O,O,O,인증,해당없음,,"비닐하우스, 유리온실, 축사 등에 ICT를 접목하여 원격 및 자동으로 작물과 가축의 생육 환경을 적정하게 유지·관리할 수 있는 농장 제어기이다.
어떤 농장이나 필요로 하는 인디케이터가 포함된 온도센서, 비닐 개폐기, 관수 펌프, 순환팬 제어 모듈이 기본으로 탑재되어 있다. 브리지 모듈 또한 기본으로 탑재되어 향후 농장 제어기구 증설 시 도움이 될 수 있다.
현장에서는 전면 디스플레이부를 통해서 확인하고 스위치 조작을 통해 제어기구에 명령을 내릴 수 있고, 원격지에서는 스마트폰 앱으로 동작상황 확인 및 동작 명령을 내릴 수 있다.
앱 설정을 통해 자동 동작 조건 설정 및 각종 알람 설정이 가능하다.",클라우드,-,-,-,-,-,-,-,-
21,시설원예,맘꽃가든,대한민국,환경제어기,환경제어기,SLOWER-1,O,X,X,X,X,X,X,X,X,X,X,미인증,해당없음,10-2272472,"상용화된 저비용 마이크로 칩셋 기반으로 하드웨어 구성 비용은 최소화하며 웹/앱 기반의클라우드 서버 환경에서 농장별 구동기/센서 등록, 관리 가능한 스마트 온실 운영 플랫폼 제공하고 있습니다. 기존 고비용 독립 수동형 스마트팜의 문제점을 개선하기 위해 경제성 있는 MCU 통합 네트워크 시스템을 적용하였으며 개별농장의 생육 대상, 센서, 장치 정보를 등록, 사용, 관리하고, 스마트팜 운영, 기능 개선, 장애 확인 기능 등이 제공됩니다. 또한 클라우드 서버 기반 스마트팜 장치/센서 운영 기술 적용하여 등록된 모든 스마트팜 온실 정보 조회가 가능해서 빅데이터 기반 통합 제어/모니터링 기능을 구현하였습니다.",클라우드,-,-,-,-,-,-,-,-
22,시설원예,주식회사 우주,대한민국,환경제어기,환경제어기,SUN-V02,O,X,X,X,X,X,X,X,X,X,X,인증,해당없음,,"본 장비는 단동형 온실 제어 특성에 맞게 개발된 장비로 각 동별 개별 온도제어가 가능하고, 때에 따라서 동별 온도센서를 좌,우 각각 두어 좌,우측 개폐기가 각각 온도에 맞게 제어를 할 수도 있으며, 동별 습도제어, CO2제어, 배기휀제어, 유동휀제어, 냉난방제어, 보광등제어, 관수제어, 포그제어 등 다양한 제어 기능을 가지고 있음.",클라우드,-,-,-,-,-,-,-,-
23,시설원예,(주)청오엔지니어링,한국,환경제어기,환경제어기,COFF-3000,O,X,X,X,X,X,X,X,X,X,X,인증,해당없음,,"-소프트웨어기능:청오엔지니어링ICT는 온실 작물재배에 필요한 전용 소프트웨어를 통하여 시설원예 재배환경을 작물별로 관리하는 시스템
-환경제어장치:제어장치로는(천창,측창,보온덮개 등의 DC,AC를 사용하는 종역 개폐장치 동작 및 유동휀제어. 모든장치는 각각의 현재 센서값과 설정값을 설정하여 평균값 또는 시간을 지정하여 관리할수 있음.
-환경센서:풍향센서,풍속센서,외부내부일사센서,강우센서,온습도센서(외부:반도체타입,내부:건습구형)
-ICT복합환경제어 데이터:시간별,작동상태별 센서값 및 제어장치 상태값을 서버에 저장하고 관리 데이터를 로컬에도 저장
-스마트폰 원격제어 및 모니터링 기능:전용 스마트폰앱을 사용하여 젠세계 어느곳에서나 내 온실에 접속하여 온실상태를 모니터링하고 설정변경 및 원격제어가 가능
-전용 온실프로그램(서버)을 채택하여 고 신뢰성 제어실현
-문자메세지 및 스마트폰 팝업 알림기능:시스템 운전중 중대 결함 및 장애 발생시 문자 또는 팝업으로 스마트폰 또는 휴대폰으로 알람내용을 바로 확인 할 수 있도록 전송하여 신속한 대처가 가능",클라우드,-,-,-,-,-,-,-,-
24,"시설원예, 축산",(주)이화글로벌,대한민국,냉방기,냉방기,CPV-Q2906KX,O,O,O,O,O,O,O,O,O,O,O,인증,해당없음,,"정격 능력 냉방 29KW, 난방 33KW, 소비전력 냉방 10.2 KW, 난방 10.3KW, 소비전류 냉방 16A, 난방 16.5A, 
제품 사이즈 실내기 1,100 X 1,850 X 470 / 실외기 1,120 X 1,558 X 400
제품 중량 실내기 145, 실외기 147
모바일, PC 원격제어 가능",자체서버,-,-,-,-,-,-,-,-
25,"시설원예, 축산",주식회사 팀스페이스팜,대한민국,환경제어기,환경제어기,SS-22-B,O,O,O,O,O,O,O,O,O,O,O,미인증,해당없음,,"1) 통합 환경센서를 통해 온도, 습도, 광량, CO2 정보를 동시 측정 합니다.(최대 1분 간격)
2) 5MP 고화질 카메라를 이용하여 생육정보 및 작물 사진을 기록 합니다. (최대 1시간 간격)
3) 첨단 SBC(Single-Board-Computer)를 이용하여 별도의 장치 없이 데이터를 수집/처리/전송
4) 통합된 TPU(Tensorflow Process Unit)를 통해 독립적 기계학습 인공지능 모델 서비스 제공
5) 무제한 데이터 저장 및 로그가 가능한 빅데이터 플랫폼 제공(플랫폼 이용료 별도)
6) 빅데이터에 통합되어 데이터 분석 / 데이터 과학, 인공지능 기계학습 모델 개발 플랫폼 제공
7) 간편한 설치 및 자가 수리 가능한 모듈형 구조",클라우드,-,-,-,-,-,-,-,-
26,"시설원예, 축산",농부이야기,한국,환경제어기,환경제어기,K1-SF,O,O,O,O,O,O,O,O,O,O,X,인증,해당없음,,"*농부이야기의 제이왓 스마트팜 기능 설명* 
제어보드 10개의 제어버튼,  온습도계or온도계 최대 5개 설치,  보드추가가능합니다. 
스마트폰에서 현재 하우스 내부의  온도및 습도값을 확인할 수 있습니다. 

온도값이 저장이 되어  1시간동안의 평균온도가 기록이 되어 밤온도 및 낮 온도값을  확인할 수 있습니다. 

[알림기능] 
고온값을 설정하여 설정값보다 현재온도가 높으면 알림이와서 알려줍니다. 
저온값을 설정하여 설정값보다 현재온도가 낮으면 알림이와서 알려줍니다. 
비가올경우 알림이 옵니다. 
정전일 경우 알림이 옵니다. 
침입감지센서및 저수위센서, 압력센서등을 연결가능 합니다. 
양수기및 지하수 동작시 알림기능(오작동으로 인한 확인 알림) 

[관수기능] 
전자밸브를 설치하여 원격에서 원하는 곳에 물을 줄수 있습니다. 
시간설정이 가능해서 원하는 시간만큼 줄수도 있고 스케줄기능도 있어서 원하는 요일및 시간에 원하는 시간만큼 물을 줄수 있습니다. 

[디지털유량계] 
현재 주고있는 관수량을 실시간으로 확인가능하고 한시간에 얼마의 물이 주어졌는지 확인이 가능합니다. 
예를들어 A동에 2시간을 줬으면 두시간에 얼마의 물이 관수되었는지 확인이 가능합니다. 
일별로 관수량이 기록이되서 통계에서 월별로 얼마의 물이 주어졌는지도 알수 있습니다. 

[저수위 센서] 
물탱크에 물이 없으면 알림이 와서 물이 없음을 확인가능합니다. 
그리고 함을 개조하여 저수위시 자동으로 모터가 멈추도록 할수도 있습니다. 

[수위조절기 기능] 
수위조절기를 설치하면 자동으로 물이 없으면 받아지고 물이 차면 자동으로 정지됩니다. 항상 원하는 높이까지 수위조절이 가능합니다. 
그리고, 여기에 디지털유량계 설치시 원하는 물의 양을 정하면 물통에 물이없으면 모터가 정지하다가 물이 차면 다시 가동하여 원하는 
양만큼 줘서 꺼지는 기능도 가능합니다. 

[압력이상 센서 기능] 
현장에서  양수기모터 이상이있을경우 압력감지기가 작동하여 알려줍니다. 

[원격제어기능] 
자동개폐기및 커튼 원격제어 
여름에 원격으로 커튼을 반만 열어서 그늘지게 해서 온도를 낮출수도 있습니다. 
환풍기, 열풍기, 전기온풍기 연결가능",클라우드,-,-,-,-,-,-,-,-
27,시설원예,(주)경농,대한민국,환경제어기,환경제어기,KN-SI-CI-001,O,X,X,X,X,X,X,X,X,X,X,인증,해당없음,,"외부/내부 환경센서 정보를 계측하여 온실의 내부, 외부 환경 모니터링 및 온실 장비를 설정값에 따라 복합 제어한다.",농가PC,-,-,-,-,-,-,-,-
28,"시설원예, 축산",케이디솔루션(주),대한민국,환경제어기,환경제어기,KDS-700YFC,O,O,O,O,O,O,O,O,O,O,X,인증,해당없음,제10-2112457호,"축사의 전기설비를 안전하게 예방 및 보호할 수 있는 장비로써 낙뢰(간접뢰), 과전압, 과부하(열감지), 저전압, 합선정전, 화재(열,연기)감지, 누전감지, 상별전압, SPD고장, 낙뢰데이터 수집, 저온창고 온도관리등을 5명의 관리자에게 전화문자를 발송하여 문제발생시 신속한 대처가 가능하여 설비보호 및 대처가 가능합니다.",자체서버,-,-,-,-,-,-,-,-
29,시설원예,제트텍,한국,환경제어기,환경제어기,ZFARM,O,X,X,X,X,X,X,X,X,X,X,인증,해당없음,,제트팜은 제트텍에서 만든 스마트팜 전용앱으로써 시설원예 생산활동에 도움을 주는 앱입니다.,자체서버,-,-,-,-,-,-,-,-
30,시설원예,주식회사 수경팜스,한국,환경제어기,환경제어기,SKDA-2000,O,X,X,X,X,X,X,X,X,X,X,미인증,해당없음,,"1. 수동제어
- 컨트롤박스에서 사용자가 시설의 개폐기를 조작할 수 있음(AC/DC 개폐모터 및 유동팬/환풍기, 관수모터/전자밸브)
2. 자동제어
- 사용자가 사전에 지정해 둔 설정값을 기초로 각종 센서와 타이머를 통한 시설의 개폐기 및 기기들을 자동을 통제함
- 우적센서, 온도센서, 타이머 설치가 필요함
3. 원격제어
- 사용자가 원격지에서 스마트폰에 접속(전용어플 접속)하여 온실의 상황을 실시간으로 모니터링 할 수 있음
- 전용어플을 통한 시설의 개폐기 및 기기들을 직접 통제가능함
- 별도 온도센서와 CCTV를 설치하고 있음",클라우드,-,-,-,-,-,-,-,-
31,"시설원예, 축산",케이디솔루션(주),대한민국,환경제어기,환경제어기,KDS-050SF,O,O,O,O,O,O,O,O,O,O,X,인증 제외,해당없음,,"낙뢰보호기
전선으로 유입되는 간접뢰나 서지를 방지하여 장비를 보호",기타,-,-,-,-,-,-,-,-
32,"시설원예, 축산",케이디솔루션(주),대한민국,환경제어기,환경제어기,KDS-20TFD,O,O,O,O,O,O,O,O,O,O,X,인증 제외,해당없음,,"낙뢰보호기 유도뢰, 간접뢰 대응보호 
■ 컨트롤박스, 사료관리기, 자동 급이기, 
   환경관리기 등의 제어(데이타)케이블에 설치",기타,-,-,-,-,-,-,-,-
33,"시설원예, 축산",케이디솔루션(주),대한민국,환경제어기,환경제어기,KDS-100YF,O,O,O,O,O,O,O,O,O,O,X,인증 제외,해당없음,,"낙뢰보호기
전선으로 유입되는 간접뢰나 서지를 방지하여 장비를 보호하는 장치",기타,-,-,-,-,-,-,-,-
34,"시설원예, 축산",한국아이오티주식회사,한국,환경제어기,환경제어기,HK-CONICT-10,O,O,O,O,O,O,O,O,O,O,X,미인증,해당없음,,"농장의 환경정보를 컴퓨터 및 모바일을 통하여 농장주에게 실시간 푸시 메시지로 전달하고 CCTV 영상으로 원격제어 및 모니터링하는 시스템.
   1. 축사, 온실 내부, 외부 센서를 통한 환경관리
   2. 연동형 CCTV시스템을 활용한 모니터링 및 원격제어 시스템
   3. 스마트 팜 App 알림 및 정보를 활용한 농장관리로 생산성 향상",자체서버,-,-,-,-,-,-,-,-
35,시설원예,(주)한국더원,대한민국,환경제어기,환경제어기,HD22,O,X,X,X,X,X,X,X,X,X,X,미인증,해당없음,,"*  스마트폰 및 웹상에서 온실환경을 확인, 감시, 기기조작,환경설정등 제어
       *  온실내의 식물 생육환경 현황의 계측자료를 실시간 동시   분석
       *  천창좌우, 수직커텐, 난방기등과  온,습도, 일사등 환경센서와 연계한 P벤드 제어
       *  신규 환경제어반 고장시 기존제어반으로 전환하여 기존 시스템에 의한 정상 운전 한다
       *  온도 설정과 난방설정, 습도설정에 의한 최소 편차로 정밀제어
       *  적외선 카메라로 인터넷상에서 확인, 감시, 저장관리 시스템 구성
       *  온,습도 변화에 따른 천창, 유동팬, 환풍기 등 그룹기기가 개별 설정에   비례제어
       *  난방은 온실환경 비교분석으로 창문제어와는 별도 12단계 정밀변온 난방 
       *  풍향,풍속, 강우센서에 의한 천창좌우등 각 기기와 연계 기상변화에 안전   성 구축
       *  유동팬등이 개별 프로그램 응용과 온, 습도에 의한 자동 운전
       *  차광막, 유동팬등은 온도, 시간, 온도편차 적용 자동 정밀동작
       *  개폐기, 난방 제어는 동작, 대기 및 창문 모터리미트 제한조정
       *  정전시 프로그램은 지워지지 않고 복귀된 시간 적용 프로그램 정상 운전 
       *  작물의 온도 습도 일사 데이터나 시간, 일보, 월보 등을 확인, 저장, 출력
       *  인터넷상에서 A/S 발생에 의한 모든 환경제어 프로그램 점검과 보안",농가PC,-,-,-,-,-,-,-,-
36,"시설원예, 축산",(주)이화글로벌,대한민국,환경제어기,환경제어기,ET-0808,O,O,O,O,O,O,O,O,O,O,X,인증,해당없음,,"- 센서 인풋 8CH, 아웃풋 8CH
- RS485. 422 통신 지원
- 제어 시설별 타이머 제어 기능
- 추가 확장 가능
- 각종센서(우적, 온습도, 등) 양방향 통신 
- 입, 출력 실시간 제어 및 확인 가능
- 적외선, 백색등 투광기와 연동",자체서버,-,-,-,-,-,-,-,-
37,시설원예,우리팜,대한민국,환경제어기,환경제어기,WEFC2022010001,O,X,X,X,X,X,X,X,X,X,X,미인증,해당없음,,"1.내부CO2,내부습도,광량,일사량,내부조도,내부온도측정,2.외부습도,외부강우,강우감지,일사？,외부온도,외부풍속,외부풍향 측정.3.토양EC,지습,토양PH,지온측정.3.천창,측창,차광커튼작동여부,보온커튼작동여부,유동팬작동여부,난방기작동여부,CO2발생장치작동여부,배기팬작동여부,관수작동상태)토겨)작동여부",자체서버,-,-,-,-,-,-,-,-
38,시설원예,주식회사 이스케이프시스템,대한민국,환경제어기,환경제어기,eScapedFarms,O,X,X,X,X,X,X,X,X,X,X,미인증,해당없음,,"- ICT 융복합 환경 제어 시스템 
- 센서노드를 이용한 환경 데이터 수집 
- 센서정보 수집
- 구동기 원격 제어",농가PC,-,-,-,-,-,-,-,-
39,시설원예,제트텍,한국,환경제어기,환경제어기,ZFARM,O,X,X,X,X,X,X,X,X,X,X,인증,해당없음,,제트팜은 제트텍에서 만든 스마트팜 전용앱으로써 시설원예 생산활동에 도움을 주는 앱입니다.,자체서버,-,-,-,-,-,-,-,-
40,시설원예,제트텍,한국,환경제어기,환경제어기,ZFARM,O,X,X,X,X,X,X,X,X,X,X,인증,해당없음,,제트팜은 제트텍에서 만든 스마트팜 전용앱으로써 시설원예 생산활동에 도움을 주는 앱입니다.,자체서버,-,-,-,-,-,-,-,-
41,시설원예,(주)팜패스,대한민국,환경제어기,환경제어기,팜내비,O,X,X,X,X,X,X,X,X,X,X,인증,해당없음,,"* 연동, 단동 시설하우스 및 첨단온실 온습도 조절 자동 개폐제어
* 유동팬, 환기팬, 난방기 등 주변기기 온오프 자동제어
* 12구역 관수 자동제어(스케줄제어 및 2모터 지원)
* 양액기 스마트폰 연동 제어
* 터치스크린 기반 자동제어, 스마트폰 원격모니터링 및 제어
* 클라우드 센서정보, 작동, 에러정보 등 기록 및 조회",자체서버,-,-,-,-,-,-,-,-
42,시설원예,(주)우성하이텍,대한민국,양액기,양액기,WIN-9000S,O,X,X,X,X,X,X,X,X,X,X,인증,해당없음,"제 10-1701394 호 , 제 10-1635010호 , 제 10-1535637 호,","- 터치식 임베디드 컴퓨터
- 8각형 혼합탱크
- 벤추리 독립순환 방식
- 모터펌프, 전자밸브 등의 개별 유닛을 정밀 제어 
- 일사·온도·수분·배액(EC·pH) 복합제어
- 12구역(2그룹 분리제어) 관수 제어
- 센서·공급·경보 데이터 저장
- EC·pH·저수위·유량 경보 기능
- TCP/IP 소켓통신",자체서버,-,-,-,-,-,-,-,-
43,시설원예,동서그린,한국,환경제어기,환경제어기,DS-F200,O,X,X,X,X,X,X,X,X,X,X,인증,해당없음,,"-환경정보
-온도,습도, CO2,지온,지습,감우,일사량,풍향,풍속등)
-스마트폰 원격제어
-자동설정제어
-농기계 연동 제어
-APP서비스",클라우드,-,-,-,-,-,-,-,-
44,시설원예,우림전기,대한민국,환경제어기,환경제어기,URSF-01,O,X,X,X,X,X,X,X,X,X,X,인증,해당없음,,"1.CCTV 모니터링과 원격제어가 동시에 가능한 복합제어시스템
2.센서와 타이머를 통한 제어
타이머, 온도센서, 우적센서를 이용하여 온실의 천창, 측창, 다겹(커텐), 차광 개폐 제어
3.사용자 맞춤 원격제어
사용자가 원격으로 수동/자동 선택 후 온실 원격제어 가능
4.강우 및 고온 감지 시 자동 작동과 상태 알림 서비스
우적센서가 감지되면 모든 작동을 중지시키고, 열려있는 창을 닫음
온실이 설정 온도보다 높을 때 고온감지를 통해 창을 열고, 저온/고온 알림의 설정한 온도가 될 경우, 사용자 스마트폰에 비상알림 제공
5.현재 센서 데이터 값 제공하여 작물이 자라는 최적의 환경 유지 및 관리",클라우드,-,-,-,-,-,-,-,-
45,시설원예,노아랩,한국,환경제어기,환경제어기,NDI4O4M,O,X,X,X,X,X,X,X,X,X,X,미인증,해당없음,,"노아랩 자체 개발 제품으로 ICT 스마트 제어장치이며, 스마트팜 자동화, 축사환경자동화, 공장자동화, 스마트기기 자동화 등 다양한 분야에 쓰이는 제품이며 세가지 모델을 입출력을 달리하여 현장의 상태에 따라 혼용하여 사용되는 제품입니다.",자체서버,-,-,-,-,-,-,-,-
46,시설원예,SI ENG,국산,환경제어기,환경제어기,SHA-MAIN,O,X,X,X,X,X,X,X,X,X,X,인증,해당없음,10-1072881호,"환경센서를 통해 하우스의 온/습도 등을 모니터링 하고, 센서값을 활용하여 개폐기 및 휀 등을 제어한다.",농가PC,-,-,-,-,-,-,-,-
47,"시설원예, 축산",주식회사 에쿨텍,대한민국,환풍기,환풍기,AERO-VF50,O,X,X,X,O,O,X,X,X,X,X,인증 제외,해당없음,"10-2006-0064652 ,10-2006-0064650",환경제어기를 통하여 시설원예 및 축사의 환기 및 온도를 낮춰주는 기능을 가진 팬,자체서버,-,-,-,-,-,-,-,-
48,"시설원예, 축산",태진테크,대한민국,환경제어기,환경제어기,MC-V1000-8S,O,X,X,X,O,O,O,X,X,X,X,인증,해당없음,R-R-tt9-MC-V1000-8S,"220V / 60HZ
2선으로 설치편리？
경보시 문자메세지 발송
실시간 온도 및 데이터 확인가능
막사의 경보발생시 전화호출, 경보내용을 음성으로 알림
스마트폰에서도 설정가능(고온·저온·전화번호)
정전이나 누전 차단기 작동시 즉시경보
8개의 막사를 한눈에 볼 수 있다
첨단 마이컴이 이상유뮤 판단하여 신속히 경보를 알려 피해를 최소화
고온/저온/정전 경보기능
밧데리 교환램프 채용
휀 콘트롤 연결 가능(MC-550C, MC-550CII, MC-5000II, MC-5000III, MC-5100III)
통신박스 연결 가능 (MC-1015S, MC-1011NS, MC-1010S, MC-1010N, MC-1011S)？
경보시 휴대폰이나 일반 전화로 직접 경보사항을 음성으로 알림
전화번호 3개입력(1개번호당 4회호출)
ARS기능(전화로 설정 변경)
건전지가 내장되어 정전시에도 경보작동？
사이즈(가로X세로X높이)mm : 180 X 255 X 100",자체서버,-,-,-,-,-,-,-,-
49,"시설원예, 축산",(주)시스웍스,한국,냉방기,냉방기,SHP-A1010,O,O,O,O,O,O,O,O,O,O,X,인증,해당없음,,"- 사용의 편리성 : 냉방, 송풍, 자동운전 선택 가능
- 농축사 내부 온도센서 설치로 사용온도 자동제어
- 부식방지 자재 및 코팅 적용으로 내부식성 향상(SUS, EGI등) - 듀얼 팬모터 적용으로 송풍량 및 출구온도차 최대효율 구현
- PC 및 스마트폰 앱을 통한 제어 설정 및 정보 표시 가능
- 우레탄 바퀴 적용으로 이동성 향상
- ICT통신방식 : 유/무선",자체서버,-,-,-,-,-,-,-,-
50,"시설원예, 축산",(주)시스웍스,한국,냉방기,냉방기,SHP-A1020S(냉난방기),O,O,O,O,O,O,O,O,O,O,X,인증,해당없음,,"- 사용의 편리성 : 냉방, 난방 자동운전, 선택 가능 
- 농축사 내부 온도센서 설치로 사용온도 자동제어 
- 부식방지 자재 및 코팅 적용으로 내부식성 향상(ALL-SUS) 
- 제품 연결 배관 SUS 사용하여 손쉬운 제품 관리 
- 출수온도를 항시 저온/고온으로 유지하여 탁월한 냉방/난방효과 
- 내부 공기를 직접 순환시켜 냉방/난방 효율성 극대화 
- PC 및 스마트폰 앱을 통한 제어 설정 및 정보 표시 가능 - ICT통신방식 : 유/무선",자체서버,-,-,-,-,-,-,-,-
51,"시설원예, 축산",(주)시스웍스,한국,냉방기,냉방기,SHP-A1020SH,O,O,O,O,O,O,O,O,O,O,X,인증,해당없음,,"- 사용의 편리성 : 제습, 송풍, 자동운전 선택 가능
- 농축사 내부 온도센서 설치로 사용온도 자동제어
- 부식방지 자재 및 코팅 적용으로 내부식성 향상(ALL-SUS) 
- 제품 연결 배관 SUS 사용하여 손쉬운 제품 관리
- 내부공기 순환 방식으로 뛰어난 제습효과(최대제습량 2300ℓ이상) 
- PC 및 스마트폰 앱을 통한 제어 설정 및 정보 표시 가능
- ICT통신방식 : 유/무선",자체서버,-,-,-,-,-,-,-,-
52,"시설원예, 축산",(주)시스웍스,한국,냉방기,냉방기,SHP-A1010L,O,O,O,O,O,O,O,O,O,O,X,인증,해당없음,,"- 사용의 편리성 : 냉방, 송풍, 자동운전 선택 가능
- 농축사 내부 온도센서 설치로 사용온도 자동제어
- 부식방지 자재 및 코팅 적용으로 내부식성 향상(SUS, EGI등) - 듀얼 팬모터 적용으로 송풍량 및 출구온도차 최대효율 구현
- PC 및 스마트폰 앱을 통한 제어 설정 및 정보 표시 가능
- 우레탄 바퀴 적용으로 이동성 향상
- ICT통신방식 : 유/무선",자체서버,-,-,-,-,-,-,-,-
53,"시설원예, 축산",(주)시스웍스,한국,냉방기,냉방기,SHP-A1010SH,O,O,O,O,O,O,O,O,O,O,X,인증,해당없음,,"- 사용의 편리성 : 제습, 송풍, 자동운전 선택 가능
- 농축사 내부 온도센서 설치로 사용온도 자동제어
- 부식방지 자재 및 코팅 적용으로 내부식성 향상(ALL-SUS) 
- 제품 연결 배관 SUS 사용하여 손쉬운 제품 관리
- 내부공기 순환 방식으로 뛰어난 제습효과(최대제습량 1200ℓ이상) 
- PC 및 스마트폰 앱을 통한 제어 설정 및 정보 표시 가능
- ICT통신방식 : 유/무선",자체서버,-,-,-,-,-,-,-,-
54,"시설원예, 축산",(주)시스웍스,한국,냉방기,냉방기,SHP-A1010HU,O,O,O,O,O,O,O,O,O,O,X,인증,해당없음,,"- 사용의 편리성 : 제습, 송풍, 자동운전 선택 가능
- 농축사 내부 센서 설치로 제습량 및 사용온도 자동제어
- 부식방지 자재 및 코팅 적용으로 내부식성 향상(SUS, EGI등) - 최대 제습량 1100리터이상의 성능으로 최대의 제습효율 구현
- PC 및 스마트폰 앱을 통한 제어 설정 및 정보 표시 가능
- 우레탄 바퀴 적용으로 이동성 향상
- ICT통신방식 : 유/무선",자체서버,-,-,-,-,-,-,-,-
55,"시설원예, 축산",(주)시스웍스,한국,냉방기,냉방기,SHP-A1010S(냉난방기),O,O,O,O,O,O,O,O,O,O,X,인증,해당없음,,"- 사용의 편리성 : 냉방, 난방 자동운전, 선택 가능 
- 농축사 내부 온도센서 설치로 사용온도 자동제어 
- 부식방지 자재 및 코팅 적용으로 내부식성 향상(ALL-SUS) 
- 제품 연결 배관 SUS 사용하여 손쉬운 제품 관리 
- 출수온도를 항시 저온/고온으로 유지하여 탁월한 냉방/난방효과 
- 내부 공기를 직접 순환시켜 냉방/난방 효율성 극대화 
- PC 및 스마트폰 앱을 통한 제어 설정 및 정보 표시 가능 
- ICT통신방식 : 유/무선",자체서버,-,-,-,-,-,-,-,-
56,"시설원예, 축산",(주)시스웍스,한국,냉방기,냉방기,SHP-A1010H,O,O,O,O,O,O,O,O,O,O,X,인증,해당없음,,"- 사용의 편리성 : 제습, 송풍, 자동운전 선택 가능
- 농축사 내부 센서 설치로 제습량 및 사용온도 자동제어
- 부식방지 자재 및 코팅 적용으로 내부식성 향상(SUS, EGI등) - 최대 제습량 1100리터이상의 성능으로 최대의 제습효율 구현
- PC 및 스마트폰 앱을 통한 제어 설정 및 정보 표시 가능
- 우레탄 바퀴 적용으로 이동성 향상
- ICT통신방식 : 유/무선",자체서버,-,-,-,-,-,-,-,-
57,시설원예,글로벌스마트솔루션 주식회사,대한민국,환경제어기,환경제어기,GSS-EGF201,O,X,X,X,X,X,X,X,X,X,X,인증,해당없음,R-R-GsS-GSS-EGF201,"- ICT 무선 원격 복합 환경 제어 시스템
- 센서노드를 이용한 환경 데이터 수집
- 대시보드 형태의 관제모드
- 농장 위치/ 실시간 날씨 정보
- 센서 값 / 차트 값 / 최근 차트 값 / 누적 센서값 개별 및 복수 농가 데이터 조회
- 생육 데이터 작물 추가/삭제
- 복수 농장별 데이터 비교
- 경락시세
- 구동기 제어",자체서버,-,-,-,-,-,-,-,-
58,시설원예,(주)온더버스,대한민국,환경제어기,환경제어기,ON-1000,O,X,X,X,X,X,X,X,X,X,X,인증,해당없음,,하우스 또는 온실의 환경제어장치를 현장의 제품 또는 자사의 앱/웹을 활용해 제어할 수 있도록 해주는 환경제어장치(스마트팜) 입니다.,클라우드,-,-,-,-,-,-,-,-
59,시설원예,주식회사 비바엔에스,한국,환경제어기,환경제어기,잇츠스마트팜,O,X,X,X,X,X,X,X,X,X,X,인증,해당없음,,"시설 관리, 센서 정보 수집, 환경 정보 수집, 센서 값을 이용한 원격 제어, 스케쥴 기능을 이용한 자동화 시스템 기능, 영농일지를 통한 작물 관리 기능",클라우드,-,-,-,-,-,-,-,-
60,"시설원예, 축산",코리아디지탈(주),한국,환경제어기,환경제어기,팜스큐브,O,O,O,O,O,O,O,O,O,O,X,인증,해당없음,,스마트 센서와 컨트롤러를 이용하여 하우스 내 구동장비를 사용자가 원하는 환경으로 만드는 시스템,클라우드,-,-,-,-,-,-,-,-
61,"시설원예, 축산",(주)시스웍스,한국,냉방기,냉방기,SHP-A1010H,O,O,O,O,O,O,O,O,O,O,X,인증,해당없음,,"- 사용의 편리성 : 제습, 송풍, 자동운전 선택 가능
- 농축사 내부 센서 설치로 제습량 및 사용온도 자동제어
- 부식방지 자재 및 코팅 적용으로 내부식성 향상(SUS, EGI등) - 최대 제습량 1100리터이상의 성능으로 최대의 제습효율 구현
- PC 및 스마트폰 앱을 통한 제어 설정 및 정보 표시 가능
- 우레탄 바퀴 적용으로 이동성 향상
- ICT통신방식 : 유/무선",자체서버,-,-,-,-,-,-,-,-
62,"시설원예, 축산",(주)텔팜,대한민국,환경제어기,환경제어기,TF-1001,O,O,O,O,O,O,O,O,O,O,X,인증,해당없음,특허 제1480008호,"텔팜의 스마트 팜 통신제어 방식은 온,오프라인 작동방식으로 현장에 설치된 단말기는
센서측정과 제어 동작을 하고 클라우드 서버에서 메인 처리하는 방식이다.
작동방식은 클라우드 서버의 실행명령을 단말기가 받아서 각종 명령(제어)을 처리하고
처리 결과데이터를 클라우드 서버로 피드백 시킨다.
사용자가 클라우드 서버에 실행명령이나 환경설정을 보내면 클라우드 서버가 단말기에 전달하고
처리결과값을 단말기로부터 피드백 받아 클라우드 서버에 저장하고 사용자에게 결과값을
전송하는 방식이다.
모든 설정 값과 센서데이터는 실시간으로 클라우드 서버에서 가지게 된다.
통신이 두절되더라도 로컬제어기는 클라우드 서버로부터 다운 받은 제어기 속성값을
가지고 있으므로 자체 동작을 실행한다
로컬제어기가 고장 나면 새로운 로컬제어기로 교환하고 시리얼설정을 맞추어 주면 
고장 나기 전의 모든 데이터를 그대로 승계하면서 동작하게 된다.
주요기능은 원격제어기능, 센서에 의한 각스위치별로 자동제어기능, 예약기능, 클라우드서버에 
데이터 저장 및 분석 기능, 알람 기능.",클라우드,-,-,-,-,-,-,-,-
63,"시설원예, 축산",코리아데이타코퍼레이션(주),대한민국,환경제어기,환경제어기,KDC-20TFD,O,O,O,O,O,O,O,O,O,O,X,인증 제외,해당없음,,축사 ICT 통신장비 낙뢰피해 방지,기타,-,-,-,-,-,-,-,-
64,"시설원예, 축산",코리아데이타코퍼레이션(주),대한민국,환경제어기,환경제어기,KDC-100YF,O,O,O,O,O,O,O,O,X,X,X,인증 제외,해당없음,,낙뢰보호기,기타,-,-,-,-,-,-,-,-
65,시설원예,(주)피이플렉스,한국,환경제어기,환경제어기,안개분무시스템,O,X,X,X,X,X,X,X,X,X,X,인증,해당없음,,"환경센서를 통해 온실을 모니터링/제어 한다.
온도 및 습도를 체크하여 통합제어기로 DATA를 전송한다.
모바일로 운전조건 지정 및 온/오프 가능(설정값으로 분무량,분무시간 등 조절하여 온도 및 습도 조절)",자체서버,-,-,-,-,-,-,-,-
66,시설원예,다스텍(주),대한민국,환경제어기,환경제어기,본다우스,O,X,X,X,X,X,X,X,X,X,X,인증,해당없음,,"각종센스모니터링및 각종환경제어,",자체서버,-,-,-,-,-,-,-,-
67,시설원예,(주)성진시스템,한국,환경제어기,환경제어기,SJ-SMFAR-08(원예),O,X,X,X,X,X,X,X,X,X,X,인증,해당없음,,"- wifi를 통한 제어
- 핸드폰 및 PC를 사용하여 원격제어(안드로이드)
- 제어포트 36ch을 사용하여 각종 제어
- 다수 사용자의 동시접속 가능
- 사용자의 환경에 맞는 커스터마이징 가능
- 우적센서 연동하여 축사지붕 자동개폐,커튼,전등,선풍기 휀,",자체서버,-,-,-,-,-,-,-,-
68,시설원예,(주)에스이디,대한민국,환경제어기,환경제어기,SED-SF-A1000,O,X,X,X,X,X,X,X,X,X,X,인증,해당없음,,"1. 스마트폰 앱을 통해 영상/센서 데이터 실시간 모니터링
2. 현장 개폐장치와 원격연동하여 스마트폰으로 실시간 제어
3. 온습도 등 환경센서 설정값 초과시 푸시알림
4. 정전후 복구시 정전보상기능
5. CCTV 카메라를 통한 24시간 감시 및 영상녹화
6. 4단변온온풍기를 스마트폰 앱을 통한 통신제어
7. 주기별 관리시스템
8. 자동제어 시스템
9. Co2 발생기, 관수, 조명, 냉난방 제어
10. 양액기/관비기 제어",자체서버,-,-,-,-,-,-,-,-
69,시설원예,주식회사 엔스텝,대한민국,환경제어기,환경제어기,NSFM-0832,O,X,X,X,X,X,X,X,X,X,X,인증,해당없음,,#NAME?,클라우드,-,-,-,-,-,-,-,-
70,시설원예,그린랩스,한국,환경제어기,환경제어기,GLP-100,O,X,X,X,X,X,X,X,X,X,X,인증,해당없음,R-R-Gip-GLP-100,"생산관리(환경제어, CCTV모니터링, 자동복합제어)와 농장관리(인력관리, 농장관리, 비용관리), 양액기제어(수동,자동,원격정밀,환경연동제어) 기능으로 구성되어 있습니다.",클라우드,-,-,-,-,-,-,-,-
71,시설원예,(주)에스이디,대한민국,환경제어기,환경제어기,SED스마트팜,O,X,X,X,X,X,X,X,X,X,X,미인증,해당없음,,"1. 스마트폰 앱을 통해 영상/센서 데이터 실시간 모니터링
2. 현장 개폐장치와 원격연동하여 스마트폰으로 실시간 제어
3. 온습도 등 환경센서 설정값 초과시 푸시알림
4. 정전후 복구시 정전보상기능
5. CCTV 카메라를 통한 24시간 감시 및 영상녹화
6. 4단변온온풍기를 스마트폰 앱을 통한 통신제어",자체서버,-,-,-,-,-,-,-,-
72,시설원예,(주)코리아에너시스,대한민국,환경제어기,환경제어기,NGP-109,O,X,X,X,X,X,X,X,X,X,X,인증,해당없음,,"- 시설원예/유리온실/돈사/계사에 적용 가능
- 농장주가 원하는 시간대와 온도, 습도를 4단 변온 설정 가능
- 사용자 설정에 따른 환경의 전체적인 제어 시스템
- LCD 터치 모니터를 통한 제어 설정 및 정보 표시 가능
- 인터넷에 접속하여 스마트폰이나 컴퓨터를 통하여 원격으로 ON/OFF 및 설정온도 변경기능
- 온실 내·외부센서를 통한 온도와 습도를 시간당 평균값으로 기록
- 습기 방지를 위해 PVC 이중도어 장착
- 컨트롤화면에 직접 데이터 그래프 표시",클라우드,-,-,-,-,-,-,-,-
73,시설원예,주식회사 이원온실산업,대한민국,환경제어기,환경제어기,ewonia3000,O,X,X,X,X,X,X,X,X,X,X,인증,해당없음,,"1.센서 데이터 입력 처리
2.센서 데이터를 기반으로 한 Relay Board On/Off
3.정전/강우/고온/저온 알림 데이터 전송
4.센서 데이터를 통한 온실 환기창 개폐 제어",자체서버,-,-,-,-,-,-,-,-
74,"시설원예, 축산",메를로랩,한국,기타,,스마트RGB전구,O,O,O,O,O,O,O,O,O,O,X,인증,해당없음,,"Red, Green, Blue LED로 제작되어 스마트폰과 연동되어 원하는 색을 조절할 수 있음
-  스마트폰 어플 연동
- Full Color 제어 
- 동시제어가능",클라우드,-,-,-,-,-,-,-,-
75,"시설원예, 축산",메를로랩,한국,기타,,스마트2Color전구,O,O,O,O,O,O,O,O,O,O,X,인증,해당없음,,"스마트폰 광 연동하여 색온도 3000K~5700K 로 조절 및 밝기 제어 가능
- 스마트폰 어플 사용
- 밝기제어
- 색온도 제어",클라우드,-,-,-,-,-,-,-,-
76,"시설원예, 축산",메를로랩,한국,기타,,스마트RGB투광등,O,O,O,O,O,O,O,O,O,O,X,인증,해당없음,,"Red, Green, Blue LED로 제작되어 스마트폰과 연동되어 원하는 색을 조절할 수 있음
-  스마트폰 어플 연동
- Full Color 제어 
- 동시제어가능",클라우드,-,-,-,-,-,-,-,-
77,"시설원예, 축산",메를로랩,한국,기타,,IotDC공장등,O,O,O,O,O,O,O,O,O,O,X,인증 제외,해당없음,,"본 제품은 무선통신기술이 접목된 공장등으로써  마스터 설치 후 공등응을 등록하여 사용할수 있다
메를로랩 자체에서 개발된 메쉬네트웍 기술이 적용되어 많은 공장등을어플을 통한 동시 제어가 가능하다
- 원격 On/Off, 밝기 제어
- 스마트폰 어플 및 PC를 통한 제어
- 서버를 통한 원격제어 및 상태확인
- 스케쥴 기능
- 원거리 노드의 경우 메쉬네트웍의 홉기능을 통한 통신거리 확장 및 제어 가능",클라우드,-,-,-,-,-,-,-,-
78,시설원예,아이오크롭스(주),대한민국,환경제어기,환경제어기,팜인원,O,X,X,X,X,X,X,X,X,X,X,인증,해당없음,,"온실내 환경데이터 측정
- 실시간 클라우드 업로드
- 환경제어기 데이터 호환
- 전원 plug & play (Wifi or LTE 무선통신)",클라우드,-,-,-,-,-,-,-,-
79,시설원예,(주)유비엔,대한민국,기타,,팜링크,O,X,X,X,X,X,X,X,X,X,X,인증,해당없음,제 10-2015-0105133 호 / 농수축산 시설 자동화용 분산 네트워크 시스템,"클라우드 서비스
무선 통신 기술 적용으로 장비의 설치 및 이전 용이, 시스템 확장 및 추가 편리
전체제어/개별제어 기능
자동화 기능",클라우드,-,-,-,-,-,-,-,-
80,시설원예,제이에이(JA)테크,한국,환경제어기,환경제어기,TSC-3000,O,X,X,X,X,X,X,X,X,X,X,인증 제외,해당없음,,"전국어디서나 컴퓨터,휴대폰으로 원격조정 기능 컴퓨터 ,휴대폰으로 온도,습도,CO2를 확인 및 설정가능하며 데이터에 의한 자동동작 및 수동동작 기능  작동중인 개페,관수,양액,환풍기,온풍기등을 확인하며 고온경보,저온경보,화재경보,정전경보 발생시 문자 메세지 전송기능이 있습니다.
또한 시간설정및 타임동작기능과 개폐기 한계설정기능 보온커튼 5단게 시간동작 기능 영농정보 입력 기능및 온도,습도,CO2데이터 저장및 그래프기능이 있습니다.
스마트 통합제어 시스템은 485통신을 통해 온도,습도,CO2등의 정보를 받아들여 데이터를 저장하고 정해진 데이터의 값에 의해 자동으로 환풍기,개폐기,커튼,양액기등을 동작시킵니다. 또한,관리자가 필요에 따라 자동 수동으로 조작을 할 수 있습니다.",자체서버,-,-,-,-,-,-,-,-
81,"시설원예, 축산",주식회사 와치캠,대한민국,기타,,WAP-100-V2,O,O,O,O,O,O,O,O,O,O,X,인증,해당없음,R-R-wch-WAP-100,"- 무선 전송속도 150Mbps
- 5.8GHz, DIP S/W
- PoE 48V 1A",자체서버,-,-,-,-,-,-,-,-
82,"시설원예, 축산",주식회사 와치캠,대한민국,기타,,WPH-600P,O,O,O,O,O,O,O,O,O,O,X,인증,해당없음,,카메라 전원공급,자체서버,-,-,-,-,-,-,-,-
83,시설원예,(주)다함,한국,환경제어기,환경제어기,다함팜,O,X,X,X,X,X,X,X,X,X,X,미인증,해당없음,,"1.각 센서로 온실 내/외부의 환경을 감지.
2.감지된 환경 정보를 통합환경 시스템이 분석/판단
3.빅데이터와 분석된 정보를 토대로 구동기를 자동 제어
온실 규모와 환경에 따라 구성을 변경할 수 있습니다",자체서버,-,-,-,-,-,-,-,-
84,시설원예,(주)이레아이에스,대한민국,환경제어기,환경제어기,RMFarm,O,X,X,X,X,X,X,X,X,X,X,인증,해당없음,제10-1404518호,"근권부 함수율 정보 제공(무게, 양액)
다양한 측정 정보 실시간 제공(그래프, 데이터)
정확한 환경정보 제공(공기 순환형 팬 적용 온습도 센서)",자체서버,-,-,-,-,-,-,-,-
85,"시설원예, 축산",코리아데이타코퍼레이션(주),대한민국,냉방기,냉방기,ASCU-150,O,O,O,O,O,O,O,O,X,O,X,인증 제외,해당없음,,전외기 타입 냉방기,농가PC,-,-,-,-,-,-,-,-
86,시설원예,주식회사 솔레노이드시스템,대한민국,환경제어기,환경제어기,MAC-IT,O,X,X,X,X,X,X,X,X,X,X,미인증,해당없음,,"아이티 관비시스템
1.구역별 물량최대 99분까지 가능
2.컴퓨터 연동 USER INTERFACE 프로그램포함
3.토양수분센서에 의한 관비가능",클라우드,-,-,-,-,-,-,-,-
87,시설원예,주식회사 솔레노이드시스템,대한민국,양액기,양액기,SNSV6-TOUCH-IT,O,X,X,X,X,X,X,X,X,X,X,미인증,해당없음,,"양액시스템

- 지습에 의한 관수 제어 프로그램 (지습센서 설치시. 옵션)  
- 일사에 의한 관수 제어 프로그램 (광센서 설치시. 옵션)     
- 사용자 편의를 위한 긴급 관수 정지 프로그램    
- 사용자 편의를 위한 1회관수 프로그램     
- 사용하지 않는 구역 선택,해제 프로그램     
- 관수 시간마다 원수(맹물) 또는 액비+원수 선택 프로그램     
- 산/ 알칼리 운전 선택 프로그램     
- 유량(Purse)제어 /시간 제어 프로그램 (물량설정시)    
- 구역별 EC,pH 제어 프로그램    
- 기본 2개의 양액 공급채널 프로그램 (추가가능. 옵션)    
- 구역상세설정 프로그램 : 기본 24회의 시작프로그램     
- 양액간편설정 프로그램 : 기본 99회의 시작프로그램     
- 기본 10구역  제어 프로그램2. 제어 소프트웨어 프로그램",클라우드,-,-,-,-,-,-,-,-
88,"시설원예, 축산",인프로,대한민국,환경제어기,환경제어기,IPR-IF-T03,O,O,O,O,O,O,O,O,O,O,X,인증,해당없음,,"1) 환풍기 설비 컨트롤 
   * 수동 조작 : - 꺼짐 부터 100%까지 환풍기 풍속 조절 
   * 온도 설정 : - 최저온도 부터 최고온도까지의 범위 설정 
                 - 온도 범위에 따라서 풍속 조절",자체서버,-,-,-,-,-,-,-,-
89,"시설원예, 축산",(주)텔레비트,대한민국,기타,,MN-40,O,X,X,X,O,O,X,X,X,X,X,인증,해당없음,10-0976823,"？ 정전감지
    - 연결된 전원선의 정전/정상을 감지합니다.
   ？ 온도 감지 (고/저온 감시)
    - 현재 온도를 표시합니다. ( 온도 표시 예 :   )
    - 온도에 이상이 있는지를 감지합니다.
   ？ 기계고장 감지
    - 외부 기계고장이 발생(타 기기의 알람신호)하는지를 감시합니다.
   ？ 통신 기능
    - 위의 상태 및 유/무선으로 연결된 기기의 경보상황을 내장된 휴대폰
     및 모니터링 장치를 이용하여 사용자에게 신속하게 알려 줍니다.",원제조사서버,-,-,-,-,-,-,-,-
90,"시설원예, 축산",데키스트,대한민국,악취제거기,악취측정장치,RN400-T2GS,O,O,O,O,O,O,O,O,O,O,X,인증,해당없음,CTK1711-EK-070,"RN400 WiFi 데이터로거 
암모니아(NH3)/황화수소(H2S) 2CH 가스 측정 장치",클라우드,-,-,-,-,-,-,-,-
91,"시설원예, 축산",데키스트,대한민국,환경제어기,환경제어기,RN400-H2PS,O,O,O,O,O,O,O,O,O,O,X,인증,해당없음,CTK1711-EK-072,"WiFi 데이터 로거 (무선)
온도/습도 측정 및 무선 데이터 전송
네트워크 끊김 시 데이터 저장 기능 탑재",클라우드,-,-,-,-,-,-,-,-
92,"시설원예, 축산",데키스트,대한민국,악취제거기,악취측정장치,UA54,O,O,O,O,O,O,O,O,O,O,X,인증,해당없음,R-R-DeK-UA54,"암모니아/황화수소 센서 전송기

UA54-NH3 : 암모니아 100 ppm 측정
UA54-H2S : 황화수소 50 ppm 측정",클라우드,-,-,-,-,-,-,-,-
93,"시설원예, 축산",데키스트,대한민국,환경제어기,환경제어기,RN400-T2PM,O,O,O,O,O,O,O,O,O,O,X,인증,해당없음,CTK1711-EK-070,"미세먼지 측정장치
일반적인 환경의 초미세먼지(PM2.5)/ 미세먼지(PM10.0) 측정 가능
좀 더 정밀한 미세먼지 측정 가능 (PM 0.5)
RG21(tVOC) 제품 장착으로 주변 환경의 VOC 가스 측정 가능",클라우드,-,-,-,-,-,-,-,-
94,"시설원예, 축산",(주)파머스올농업회사법인,한국,,,HA-1500,O,O,O,O,O,O,O,O,O,O,X,인증,해당없음,,"실시간으로 수량을 감지하여  원하는 시간에 원하는 수량에 원하는 희석비율로 액상의 물질을 자동으로 공급하는 장치
자동청소 필터로 물속의 이물질을 제거하여 배관,니플의 막힘을 최소화
환경센서로 온/습도계를 적용하여 센싱
총음수량,투약량,온/습도등의 Data가 실시간으로 네트워크로 모니터링가능하며 원격으로 투약을 제어할 수 있음",자체서버,-,-,-,-,-,-,-,-
95,"시설원예, 축산",(주)파머스올농업회사법인,한국,,,HA-500,O,O,O,O,O,O,O,O,O,O,X,인증,해당없음,,"실시간으로 수량을 감지하여  원하는 시간에 원하는 수량에 원하는 희석비율로 액상의 물질을 자동으로 공급하는 장치
자동청소 필터로 물속의 이물질을 제거하여 배관,니플의 막힘을 최소화
환경센서로 온/습도계를 적용하여 센싱
총음수량,투약량,온/습도등의 Data가 실시간으로 네트워크로 모니터링가능하며 원격으로 투약을 제어할 수 있음",자체서버,-,-,-,-,-,-,-,-
96,시설원예,(주)경농,네덜란드,환경제어기,환경제어기,COMPASS4S,O,X,X,X,X,X,X,X,X,X,X,미인증,해당없음,,외부/내부 환경센서 정보를 계측하여 온실를 모니터링 및 온실 장비를 설정값에 따라 제어한다.,농가PC,-,-,-,-,-,-,-,-
97,시설원예,그린씨에스(주),대한민국,환경제어기,환경제어기,MAGMA-1000,O,X,X,X,X,X,X,X,X,X,X,인증,해당없음,10-0908027,"1. 복합환경제어시스템(마그마)은 온실 내, 외부의 생장환경(일사, 감우, 외부온도, 풍향, 풍속, 실내온도, 실내습도, 실내CO2 )을 모니터링 하여 복합환경 제어기에 미리 설정된 생장환경 프로그램에 따라 온실에 설치되어 있는 각종 시설물의 모터 및 밸브를 자동으로 제어하여 작물의 최적생육 환경을 조성하고 데이터를 저장하여 재배자가 원하는 온실 환경을 제공하는 시스템이다.

2. 시스템 구성
   가. 하드웨어 구성 내용
       - 운영 컴퓨터 : 생장환경 프로그램 탑재
       - 로컬 제어기 : 운영컴퓨터와 통신하여 데이터를 교환하고 각종 센서 값을 받아들이고 출력 값을 전기 판넬에 
         통신함.
       - 기상대 : 일사계, 감우계, 풍향풍속계, 외부온도계로 구성함
       - 실내센서 : 실내온습도 센서, CO2 센서, 모니터링센서, EC, pH, 함수율, 모니터링 센서 등

     나. 소프트웨어 구성 내용
        - 환기설정과 난방설정 기능 : 실내의 온도와 습도를 조절하기 위해 6개의 주기를 사용해 설정
        - CO2 설정 기능 : 일사계를 활용하여 CO2값을 일사에 따라 자동으로 변경이 가능
        - 천창, 측창 개폐기능 : 환기설정 값에 따라 각종창의 개폐범위, 개폐단계를 조절 한다
        - 각종기기 작동 : 배기팬, 유동팬 ,순환펌프 ,차광스크린, 보온스크린을 작동

 3. 운영컴퓨터 및 제어 프로그램 내용
        - 온실의 각 설정 값과 실행 값, 센서 값이 한 화면에 한글로 종합적으로 나타낼 수 있어야 한다.    
        - 온실 내부 및 외부의 미기상 환경 데이터를 저장할 수 있어야 한다. 
        - 최소 1구역이상 8구역까지 제어가 가능해야 한다. 
        - 추가 입, 출력 카드 삽입 시, 입출력 확장이 가능해야 한다. 
        - 대형 LCD 화면 사용으로 관찰 및 설정이 용이하고, 밝기 조절이 가능해야 한다.         
        - 건구 온, 습도 센서 사용으로 정밀도를 유지해야 하고 안정성 확보를 위해 별도 보조센서를 함께 사용
        - 백업 및 장착이 용이한 대용량 메모리회로(SD메모리,250MB이상)를 사용하여 1년 이상 각종  데이터를  저장 
        - 모든 제어장치를 24시간을 6주기로 나누어 관리가 가능해야 한다. 
        - 지역별 일출 및 일몰시간에 따라 설정시간을 자동으로 변동이 가능해야 한다.      
        - 감우, 태풍 시 천창과 측창의 개폐방법, 개폐범위 설정이 가능한 보호프로그램이 있어야 한다. 
        - 컴퓨터와 통신이 안 될 경우 PLC 컴퓨터의 자체 메모리 저장 설정 값에 따라 자체제어가 가능해야 한다.
        - 천창, 측창, 보온커튼, 차광커튼, 측 커튼 등 모터로 작동되는 개, 폐값을 분, 초 단위, %단위로  입력 가능
        - 모든 설정 값, 센서 값, 실행 값이 분단위로 기록, 저장되어야 하며 이벤트 발생 시 즉시 저장하고 기간별 
          최소, 최대,평균값이 표 또는 그래프로 나타나야 한다.
        - 사용자외의 사람이 제어 값을 임의로 변경할 수 없도록 비밀번호를 입력할 수 있어야 한다.",자체서버,-,-,-,-,-,-,-,-
98,시설원예,(주)그랜드,대한민국,환경제어기,환경제어기,GsmartFarm복합환경제어기,O,X,X,X,X,X,X,X,X,X,X,인증,해당없음,,"센서 데이터 수집
데이터에 의한 농장 자동운전
경보알람
스케줄제어
자동환경제어
웹제어
모바일제어",자체서버,-,-,-,-,-,-,-,-
99,시설원예,삼일엔지니어링,대한민국,환경제어기,환경제어기,SIWP-1000,O,X,X,X,X,X,X,X,X,X,X,인증,해당없음,제10-1357747호,"1. 외부기상대 : 온도, 습도, 풍향, 풍속, 일사량, 감우센서
2. 내부환경센서 : 온도, 습도, CO2
3. 온도조절기 : 개폐기 제어용
4. 복합환경 제어기 : 센서정보수집 및 개폐기 제어
5. CCTV: 개폐기 종작상태 감시용",농가PC,-,-,-,-,-,-,-,-
100,시설원예,주식회사 현진테크,한국,환경제어기,환경제어기,SFV-VHJ100,O,X,X,X,X,X,X,X,X,X,X,인증,해당없음,,"팜뷰는 농장의 상황(전원 ON/OFF, 적정온도 이상등)을 농장주에게 실시간 Push 메시지로 전달하고, CCTV 영상을 보면서 원격제어 할수 있는 시스템입니다.
  1) 온실 내·외부 센서를 통한 측정치 습득 역할 수행 
  2) 서버와 통신으로 각종 정보 설정 및 저장 
  3) 사용자 설정에 따른 환경의 각종 경보,제어 시스템",클라우드,-,-,-,-,-,-,-,-
101,"시설원예, 축산",주식회사 소하테크,한국, ,환경제어기,SH-MVP510,O,X,O,X,O,O,X,X,X,X,X,인증,해당없음,R-R-SOH-SH-VT510,"CO₂/온도/습도 측정 및 제어, 모바일/PC를 통한 원격 제어",자체서버,-,-,-,-,-,-,-,-
102,시설원예,주식회사 하나로수경,대한민국,환경제어기,환경제어기,외부감지기-OH01,O,X,X,X,X,X,X,X,X,X,X,미인증,해당없음,,"온실 외부 기상 환경(온도,습도,일사,눈비,풍향,풍속)값 및 상태를 감지한 후 모니터링하여 온실환경 상태를 반응시키는 인자로 사용한다.",기타,-,-,-,-,-,-,-,-
103,시설원예,주식회사 하나로수경,중국,환경제어기,환경제어기,내부감지기-IH01,O,X,X,X,X,X,X,X,X,X,X,미인증,해당없음,,"내부환경(온습도, 이산화탄소, 지습)값을 감지 후 모니터링하여 온실환경 상태를 반응시키는 인자로 사용한다.",기타,-,-,-,-,-,-,-,-
104,시설원예,스마트코리아 딤넷,한국,환경제어기,환경제어기,스마트컨트롤러,O,X,X,X,X,X,X,X,X,X,X,인증,해당없음,,"1. 입력 20개(센서류) 및 출력 32개(환경제어)의 연결장치
2. 온실 내/외부 센서를 통한 측정치 습득 역할 수행
3. 측정치를 바탕으로 온실 환경 제어
4. 사용자 설정에 따른 환경의 전체적인 제어 시스템
5. 터치스크린을 통한 제어 설정, 정보표시 및 데이터 자징 가능
6. P.L.C 제어로 안정된 운전 확보",자체서버,-,-,-,-,-,-,-,-
105,시설원예,신한에이텍(주),대한민국,환경제어기,환경제어기,GK-3000,O,X,X,X,X,X,X,X,X,X,X,인증 제외,해당없음,"제10-1113107호,제10-1130340호,제10-1358003호,제10-1425462호","지역별 일출, 일몰에 의한 시간 설정 및 제어 가능
환기,난방온도,측창,커튼, 측커튼 등 6단계 설정 가능
광량, 누적광량, 내부습도의 변수값에 의한 환기온도, 난방온도 설정 가능
바람 방향에 따라 천창, 측창 좌우 개별제어 가능
수평커튼 3개소(차광, 보온등), 수직커턴 3개소(보온) 사용가능
고온, 저온 설정으로 경보온도 발생 시 자동개폐 온도설정 가능
이중창, 유동팬, 배기팬, CO2, 훈증기, 스프링쿨러, 에어포그, 보광등, 냉난방기,
순환펌프 2개소, 보존 난방기, 난？관 온도에 의한 3WAY밸브 2개소 사용가능",자체서버,-,-,-,-,-,-,-,-
106,시설원예,주식회사 아이오티팜 농업회사법인,대한민국,양액기,양액기,NAIS-1000양액공급기,O,X,X,X,X,X,X,X,X,X,X,인증 제외,해당없음,제10-1588815호,"농작물 양액공급기
모터펌프 : 2.2kw/3HP, 
구역채널 : 12구역, 
액비공급 : A,B,C,D",자체서버,-,-,-,-,-,-,-,-
107,시설원예,한국네타핌유한회사,이스라엘,양액기,양액기,Netaflex,O,X,X,X,X,X,X,X,X,X,X,미인증,해당없음,,"오픈-탱크 양액™ 시스템
온실 작물에 정확하고 균일하게 영양분을 공급
정확한 EC 및 PH 조절
최대 6개의 고정밀 도징 채널 유닛, 50 ~ 600 l/h
3m³/h ~ 64m³/h 범위의 시스템 유량",자체서버,-,-,-,-,-,-,-,-
108,시설원예,한국네타핌유한회사,이스라엘,양액기,양액기,Fertikit,O,X,X,X,X,X,X,X,X,X,X,미인증,해당없음,,"수경/토경 재배 양액기
4개의 양액 도징채널
정확한 EC, pH 제어
유량 또는 비례적인 양액 공급 기능
수확량 증가 및 작물 품질 향상
물, 비료, 에너지 소비 절약
사용자 맞춤형의 세밀한 양액 제어",자체서버,-,-,-,-,-,-,-,-
109,시설원예,한국네타핌유한회사,이스라엘,양액기,양액기,Netajet,O,X,X,X,X,X,X,X,X,X,X,미인증,해당없음,,"정밀 양액제어시스템
아날로그 도징채널 장착 
신속하고 정확한 EC/pH 제어 
효율적인 물, 비료 및 에너지 소비 
설치 및 유지보수가 심플한 시스템 
효율적이고 안정성이 높은 프로그램 
토양, 수경재배 등 다양한 응용분야에 적용 
최대  5개의  비료, 산  도징  채널  50~1000L/Hr 
시간  당  0.5~400 톤의  물량  공급  가능",자체서버,-,-,-,-,-,-,-,-
110,시설원예,주식회사 케이에프농업개발,한국,양액기,양액기,KF7,O,X,X,X,X,X,X,X,X,X,X,인증 제외,해당없음,"특허제 10-1090279호 양액공급시스템, 특허제 10-1088427 양액공급제어방법","1. 양액 관수펌프 : 0.5 ~ 15HP
2. 관수 공급구역 : 1 ~ 18구역(전자밸브 제어)
3. 혼합 탱크 : 150리터(관수펌프 용량에 따라 변경가능)
4. 양액 공급 채널 : 기본(A,B,C), 옵션에 따라 견경가능)
5. 양액 제어 방식 : 벤츄리 인젝션 방식(30~300리터/시간)
6. 사용센서 : EC센서, pH센서, 광량센서
7. 제어방식 : 펌웨어 소프트웨어 + 터치스크린",자체서버,-,-,-,-,-,-,-,-
111,시설원예,주식회사 케이에프농업개발,대한민국,양액기,양액기,KF9,O,X,X,X,X,X,X,X,X,X,X,인증 제외,해당없음,"특허제 10-1090279호 양액공급시스템, 특허제 10-1088427 양액공급제어방법","1. 양액 관수펌프 : 0.5 ~ 15HP
2. 관수 공급구역 : 1 ~ 18구역(전자밸브 제어)
3. 혼합 탱크 : 150리터(관수펌프 용량에 따라 변경가능)
4. 양액 공급 채널 : 기본(A1,B1,C,A2,B2,C), 옵션에 따라 견경가능
5. 양액 제어 방식 : 벤츄리 인젝션 방식(30~300리터/시간)",자체서버,-,-,-,-,-,-,-,-
112,시설원예,주식회사 케이에프농업개발,대한민국,양액기,양액기,KF5,O,X,X,X,X,X,X,X,X,X,X,인증 제외,해당없음,"특허제 10-1090279호 양액공급시스템, 특허제 10-1088427 양액공급제어방법","1. 양액 관수펌프 : 0.5 ~ 15HP
2. 관수 공급구역 : 1 ~ 18구역(전자밸브 제어)
3. 혼합 탱크 : 150리터(관수펌프 용량에 따라 변경가능)
4. 양액 공급 채널 : 기본 A,B(옵션에 따라 견경가능)
5. 양액 제어 방식 : 벤츄리 인젝션 방식(30~300리터/시간)",자체서버,-,-,-,-,-,-,-,-
113,시설원예,주식회사 케이에프농업개발,대한민국,양액기,양액기,KF3,O,X,X,X,X,X,X,X,X,X,X,인증 제외,해당없음,"특허제 10-1090279호 양액공급시스템, 특허제 10-1088427 양액공급제어방법","1. 양액 관수펌프 : 1HP
2. 관수 공급구역 : 1 ~ 18구역(전자밸브 제어)
3. 혼합 탱크 : 없음(인라인방식)
4. 양액 공급 채널 : 기본(A,B)
5. 양액 제어 방식 : 벤츄리 인젝션 방식(30~300리터/시간)",자체서버,-,-,-,-,-,-,-,-
114,시설원예,대영지에스주식회사,네덜란드,환경제어기,환경제어기,CX-500,O,X,X,X,X,X,X,X,X,X,X,미인증,해당없음,,"CX500은 사용자의 편의성을 위해 단순한 인터페이스를 제공하며 원하는 기능만 활성화하여 프로그램 구성이 가능합니다.
모든 프로그램은 초기 설치 시 바로 사용 가능한 형태이므로 소프트웨어 기능을 한 달간 무료로 사용해본 후 구매 여부를 결정할 수 있습니다. 온실 환경 통제를 위한 일체형 시스템을 제공하며, 최신 소프트웨어 업데이트를 무료로 제공합니다.",농가PC,-,-,-,-,-,-,-,-
115,시설원예,대영지에스주식회사,네덜란드,양액기,양액기,FertiMix,O,X,X,X,X,X,X,X,X,X,X,미인증,해당없음,,"펄티믹스는 각 농가의 조건에 맞는 다양한 모델을 제공하며, 옵션 기능을 통해 원하는 전략에 따라 급액을 제어할 수 있습니다.
프리믹싱 밸브를 설치하여 재처리 배액을 일정한 농도로 사용할 수 있고 하이드로바 주파수 제어 시스템을 도입하여 내구성을 높였습니다. 또한 EC 및 pH센서가 장착되어 모니터링이 가능하며, 정교한 설계를 통하여 원하는 비율로 양액을 혼합하고, 미량원소 및 살균제 등 필요한 물질을 첨가할 수 있어 탄력적으로 운영할  수 있습니다.",농가PC,-,-,-,-,-,-,-,-
116,시설원예,그린랩스,한국,양액기,양액기,SMART-G2A,O,X,X,X,X,X,X,X,X,X,X,미인증,해당없음,,"스마트 관수, 관비(양액재배시설)제어시템을 제공합니다. 생육에 가장 적합하게 관수와 관비 제어, 조절이 가능하며, 관수에 장애가 생기면 스마트폰으로 실시간 위기 경보를 보내 줍니다. 스마트폰과 컴퓨터로 제어가 가능하여 긴급한 상황이 발생해도 바로 대처가 가능합니다.",클라우드,-,-,-,-,-,-,-,-
117,시설원예,주식회사 케이에프농업개발,한국,환경제어기,환경제어기,KF-3700,O,X,X,X,X,X,X,X,X,X,X,인증 제외,해당없음,"특허제 10-1113107호 온실의 천창제어방법 특허등록, 특허제 10-1130340호 온실의 커튼제어방법 특허등록","(1) 제어범위
가. 각 구역은 일중천창 2개소, 이중천창 2개소, 수평커튼 3개소, 측커튼 1개소, 측창 1개소, CO2 1개소, 스프링클러 1개소, 부광등 1개소, 훈증기 1개소, 분무 1개소, 난방(온풍기) 1개소, 난방밸브(4WAY VALVE) 2개소, 순환펌프 2개소, 유동팬 1개소, 배기팬 1개소를 제어 한다.
(2) 센서종류
가. 온습도 센서를 2개소 까지 설치할 수 있다. 
나. 외부 기상센서(온습도센서, 일사센서 1개, 풍향 풍속센서 1개,  강우센서 1개)를 설치한다. 
다. CO2 센서를 부착 할 수 있다.",자체서버,-,-,-,-,-,-,-,-
118,시설원예,(주)다온알에스,대한민국,환경제어기,환경제어기,다오니,O,X,X,X,X,X,X,X,X,X,X,인증,해당없음,10-1792215,"- 온도, 습도, CO2(탄산가스) 농도, 함수율 등 시설관련 환경 데이터 측정 기능
- 상한, 하한 알람 설정으로 환경 데이터 알림 기능(알람값 범위 밖의 값이 측정되면 배너 알림 발생)
- 제품에서 측정하는 데이터를 실시간 그래프로 보여주며, 수집된 데이터를 바탕으로 최대 1일 평균값을 그래프 표시
- 원격으로 시설 환경관련 기기의 원격제어 기능
- 제품이 설치된 지역의 기상청 정보(날씨, 일출, 일몰, 최고/최저 기온) 제공",클라우드,-,-,-,-,-,-,-,-
119,시설원예,(주)다온정보기술,대한민국,환경제어기,환경제어기,DP-VHC100,O,X,X,X,X,X,X,X,X,X,X,인증,해당없음,제10-1682066호,"- 팜톡 클라우드서버와의 통신으로 신호전달 송？수신
- 각종 노드와의 통신으로 데이터 수집 및 전송
- TCP/IP 이더넷 통신에 의한 원격 제어
- 시리얼 통신에 의한 외부 인터페이스 확장 가능",클라우드,-,-,-,-,-,-,-,-
120,시설원예,주식회사 엔엔케이,대한민국,환경제어기,환경제어기,Ground-One,O,X,X,X,X,X,X,X,X,X,X,인증,해당없음,,"컨트롤 박스 일체형으로 통합 환경 관리, 데이터 통신등
스마트폰 원격제어
지능형 온도제어
블랙 다운 제어(파프리카 농장에서 사용)
창제어, 온도, 우적, 팬, 커튼 일체형
데이터 통신, 인터넷 통신, 월드 와이드 컨트롤",미저장,-,-,-,-,-,-,-,-
121,시설원예,한국네타핌유한회사,이스라엘,환경제어기,환경제어기,NMC-PRO,O,X,X,X,X,X,X,X,X,X,X,미인증,해당없음,,온실복합 환경제어시스템,자체서버,-,-,-,-,-,-,-,-
122,시설원예,(주)유샘인스트루먼,한국,환경제어기,환경제어기,ZF-3C,O,X,X,X,X,X,X,X,X,X,X,인증,해당없음,제10-1831880,"딸기재배의 탄저병,잿빛곰팡이병,흰가루병,탄저병의 병의 진행도를 스마트폰으로 확인함
무위험,저위험,중위험의 단계로 그래프표시하며, 중위험시 해당병의 적기에 약제방제를 하기위한 장치임.
병의 진행도는 100%에 가까운 정밀도이며, 이를 사용해 양제방제효과는 90% 이상인것으로 딸기 연구소에서 입증하여 
농촌진흥청에 자료제출되었음",자체서버,-,-,-,-,-,-,-,-
123,시설원예,이레ENG,대한민국,환경제어기,환경제어기,버섯재배사자동제어시스템JR-500,O,X,X,X,X,X,X,X,X,X,X,미인증,해당없음,,"본 시스템은 버섯재배사의 환경제어를 고정밀센서에 의해 가습, 환기, 난방, 냉방기를 자동제어하는 방식입니다.
정확한 데이터를 기준으로 프로그램화된 시스템을 적용함으로써, 버섯재배의 편리함을 제공하며, 불필요한 기계 동작을 막아 전기료 절감, 재해예방, 인력절감 등의 효과를 기대할 수 있습니다. 
1. 환경자동제어: Co2 농도를 실시간 측정 제공하여 환풍기, 가습기, 냉방기, 난방기 연동으로 설정범위 유지, 온도/습도를 실시간으로 측정제공하여 계절 날씨에 관계없이 일정한 데이터로 최적의 환경관리 가능.
2. 원격감시
 - Co2, 온도, 습도의 경보, 상/하한치 등 각종 설정에 대해 인터넷에서 원격제어 가능
 - 재배환경 데이터(온/습도, Co2)수집 및 파일로 저장가능
 - 이상상황 발생시 경보를 수집하여 고객사에 이상을 알리는 SMS(문자 알림)서비스
 - 인터넷이 가능한 곳에서 언제 어디서라도 자신의 재배사을 확인 관리 가능(스마트 폰 접속 가능)",자체서버,-,-,-,-,-,-,-,-
124,시설원예,(주) 비엔씨하이텍,한국,환경제어기,환경제어기,BCS-H,O,X,X,X,X,X,X,X,X,X,X,인증,해당없음,제 10-1550811호,"-초 미세 물 입자를 만들어냄으로 순간 증발 ,냉각이 가능하여 물에 젖지 않는다.
-주변 대기온도를 낮추는 자연냉각방식을 적용 에너지비용을 별도로 들이지 않는 친환경 냉각
-온도 습도 조절에 매우 효과적임
- 하우스의 경우 농작물의 고른 성장을 촉진시키며 병충해 방제에도 큰 도음이 된다.",자체서버,-,-,-,-,-,-,-,-
125,시설원예,(주)농정사이버,대한민국,환경제어기,환경제어기,nj2015,O,X,X,X,X,X,X,X,X,X,X,인증 제외,해당없음,0463110,"인터넷 온실 경영관리 시스템은 Internet Explorer에서 세계 어디서나 장소에 구애 받지 않고 인터넷에 접속하여 원격지에 있는 온실의 온도, 습도 등 환경관리와 각종 기기의 감시, 제어 등을 실시간으로 운영할 수 있도록 개발 됨.
누구나 인터넷 망에서 자유롭게 접속하여 온실경영관리프로그램의 모든 운영시스템을 마우스로 간단하게 클릭 하여 조작하는 다양한 시스템으로 개발 됨.
온실경영자에게 원격지에 자신의 온실내의 온도 좌, 온도 우, 외부온도, 습도, 강우, 일사, 풍향, 풍속 등 센서를 중심으로 온풍기, 개폐기, 수평커튼, 관수 등 기기와 연계한 일일 15단 변온 설정에 의한 정밀관리와 다양한 서비스를 제공한다.
또한 온실의 환경현황과 각종 기기 등의 운전상태를 확인, 감시, 조작하며 컴퓨터 및 핸드폰을 통한 경보 안전장치와 각종 환경 자료 및 영농 컨설팅 등 운영자가 쉽게 운영할 수 있는 인터넷 온실경영관리시스템이다. 

인터넷온실환경관리시스템의 컴퓨터(클라이언트)는 Windows 에서 수용되며 웹 브라우저는 Internet Explorer에서 적용할 수 있는 프로그램을 구성하고 인터넷 온실환경관리프로그램의 모든 운영시스템은 마우스로 간단하게 클릭 조작할 수 있도록 시스템을 구축했다. 
서버 쪽에서 실행되는 별도의 프로그램은 TznFASrv.exe으로 이는 서버 컴퓨터에 연결되어 있는 장치(PLC나 특정 보드 등)에서 Data를 수집하고 요청이 있을 경우 장치를 제어하는 역할을 한다. 
특히 온도, 습도, 일사, 풍향, 풍속 등의 실시간 Data를 Internet Explorer상에서 동작하는 TznFACtl.ocx, ActiveX Control에게 TCP/IP 프로토콜을 이용하여 전송하며 사용자의 제어 요청이 있는 경우 TznFACtl.ocx로부터 제어 요청을 받아 그 내용을 해당하는 Device Driver에 보내 제어가 이루어지도록 한다.
1)일출, 일몰과 15단계와 연계 P밴드값 자동 변경 실행, 2)개폐범위 0~100% 선택 ,천창좌우 개별 개폐범위 조절, 3)실시간 습도에 따라 설정온도 자동전환 천창 개페, 4)습도변화에 의한 천창 모터 계별 비례제어, 5)복사에너지 값(W/m2 )에 의한 창문 개폐 변온, 6)일사량, 외부온도, 풍향풍속과 연계 P밴드 적용, 7)항목별 설정값과 변수값 조절 제어, 8)동일 공간내에서 온도센서 선택적 제어 가능, 9)풍향에 천창 좌우 전환과 풍속에 의한 개폐폭 조절, 10)실시간 누적일사, 습도는 환기설정 온도값 에 자동, 11)비닐온실 개폐기 반복 동작 편차 조정을 위한 기능",자체서버,-,-,-,-,-,-,-,-
126,시설원예,(주)나래IoT연구소,대한민국,환경제어기,환경제어기,반딧불이-스마트원격제어시스템,O,X,X,X,X,X,X,X,X,X,X,미인증,해당없음,,"1. 현장개폐기와 연동 원격에서 스마트폰으로 개폐기 제어가능
2. 온도, 습도 등 센서 설정 값에 따라 단순 자동제어 기능 포함
3. 유사시(정전, 침입, 온도이상 등) 스마트폰으로 즉시 경보전송
4. 스마트폰 앱을 통해 영상/센서데이터 실시간 모니터링
5. CCTV 카메라를 통한 24시간 감시 및 영상녹화",클라우드,-,-,-,-,-,-,-,-
127,"시설원예, 축산",(주)드림씨에스씨,미국,환풍기,환풍기,ECO24,O,X,O,O,X,X,X,X,X,X,X,인증 제외,해당없음,,"축사의 환기 및 송풍역할, 여름에는 정회전으로 가축의 체감온도를 낮추며, 바닥건조에 도움을 줍니다.
겨울에는 역회전 기능으로 축사의 공기를 천정쪽으로 밀어내어 공기순환 및 환기 시키는 역할을 합니다.
45데시벨 이하의 소음으로 축사내의 팬 작동으로 인한 소음을 줄여줍니다.",농가PC,-,-,-,-,-,-,-,-
128,"시설원예, 축산",(주)드림씨에스씨,미국,환풍기,환풍기,titan24,O,X,O,O,X,X,X,X,X,X,X,인증 제외,해당없음,,"축사의 환기 및 송풍역할, 여름에는 정회전으로 가축의 체감온도를 낮추며, 바닥건조에 도움을 줍니다.
겨울에는 역회전 기능으로 축사의 공기를 천정쪽으로 밀어내어 공기순환 및 환기 시키는 역할을 합니다.
45데시벨 이하의 소음으로 축사내의 팬 작동으로 인한 소음을 줄여줍니다.",농가PC,-,-,-,-,-,-,-,-
129,"시설원예, 축산",(주)드림씨에스씨,미국,환풍기,환풍기,ECO18,O,X,O,O,X,X,X,X,X,X,X,인증 제외,해당없음,,"축사의 환기 및 송풍역할, 여름에는 정회전으로 가축의 체감온도를 낮추며, 바닥건조에 도움을 줍니다.
겨울에는 역회전 기능으로 축사의 공기를 천정쪽으로 밀어내어 공기순환 및 환기 시키는 역할을 합니다.
45데시벨 이하의 소음으로 축사내의 팬 작동으로 인한 소음을 줄여줍니다.",농가PC,-,-,-,-,-,-,-,-
130,"시설원예, 축산",주식회사에어텍,한국,냉방기,냉방기,ASCU-H100,O,O,O,O,O,O,O,O,X,X,X,인증 제외,해당없음,,전외기 TYPE 냉난방기,농가PC,-,-,-,-,-,-,-,-
131,"시설원예, 축산",주식회사에어텍,한국,냉방기,냉방기,ASCU-100,O,O,O,O,O,O,O,O,X,X,X,인증 제외,해당없음,,전외기 TYPE 냉방기,농가PC,-,-,-,-,-,-,-,-
132,"시설원예, 축산",주식회사 에쿨텍,한국,안개분무시스템,안개분무기,AGRO-FOGSYSTEM,O,X,X,X,O,O,X,X,X,X,X,인증 제외,해당없음,,미세한 분사 입자 및 고른 분사방식으로 계사 전체의 균일한 습도를 유지해주는 장치,자체서버,-,-,-,-,-,-,-,-
133,"시설원예, 축산",(주)드림씨에스씨,미국,환풍기,환풍기,titan16,O,X,O,O,X,X,X,X,X,X,X,인증 제외,해당없음,,"축사의 환기 및 송풍역할, 여름에는 정회전으로 가축의 체감온도를 낮추며, 바닥건조에 도움을 줍니다. 
겨울에는 역회전 기능으로 축사의 공기를 천정쪽으로 밀어내어 공기순환 및 환기 시키는 역할을 합니다. 
45데시벨 이하의 소음으로 축사내의 팬 작동으로 인한 소음을 줄여줍니다.",농가PC,-,-,-,-,-,-,-,-
134,"시설원예, 축산",주식회사 에쿨텍,한국,냉방기,쿨링패드,AGRO-CP150,O,X,X,X,O,O,X,X,X,X,X,인증 제외,해당없음,,기화식 장치로 인한 축사 및 하우스 내부의 온도를 저하시킴,자체서버,-,-,-,-,-,-,-,-
135,"시설원예, 축산",(주)드림씨에스씨,미국,환풍기,환풍기,titan20,O,X,O,O,X,X,X,X,X,X,X,인증 제외,해당없음,,"축사의 환기 및 송풍역할, 여름에는 정회전으로 가축의 체감온도를 낮추며, 바닥건조에 도움을 줍니다.
겨울에는 역회전 기능으로 축사의 공기를 천정쪽으로 밀어내어 공기순환 및 환기 시키는 역할을 합니다.
45데시벨 이하의 소음으로 축사내의 팬 작동으로 인한 소음을 줄여줍니다.",농가PC,-,-,-,-,-,-,-,-
136,"시설원예, 축산",(주)드림씨에스씨,미국,환풍기,환풍기,ECO16,O,X,O,O,X,X,X,X,X,X,X,인증 제외,해당없음,,"축사의 환기 및 송풍역할, 여름에는 정회전으로 가축의 체감온도를 낮추며, 바닥건조에 도움을 줍니다.
겨울에는 역회전 기능으로 축사의 공기를 천정쪽으로 밀어내어 공기순환 및 환기 시키는 역할을 합니다.
45데시벨 이하의 소음으로 축사내의 팬 작동으로 인한 소음을 줄여줍니다.",농가PC,-,-,-,-,-,-,-,-
137,"시설원예, 축산",(주)드림씨에스씨,미국,환풍기,환풍기,titan18,O,X,O,O,X,X,X,X,X,X,X,인증 제외,해당없음,,"축사의 환기 및 송풍역할, 여름에는 정회전으로 가축의 체감온도를 낮추며, 바닥건조에 도움을 줍니다.
겨울에는 역회전 기능으로 축사의 공기를 천정쪽으로 밀어내어 공기순환 및 환기 시키는 역할을 합니다.
45데시벨 이하의 소음으로 축사내의 팬 작동으로 인한 소음을 줄여줍니다.",농가PC,-,-,-,-,-,-,-,-
138,"시설원예, 축산",(주)드림씨에스씨,미국,환풍기,환풍기,ECO20,O,X,O,O,X,X,X,X,X,X,X,인증 제외,해당없음,,"축사의 환기 및 송풍역할, 여름에는 정회전으로 가축의 체감온도를 낮추며, 바닥건조에 도움을 줍니다.
겨울에는 역회전 기능으로 축사의 공기를 천정쪽으로 밀어내어 공기순환 및 환기 시키는 역할을 합니다.
45데시벨 이하의 소음으로 축사내의 팬 작동으로 인한 소음을 줄여줍니다.",농가PC,-,-,-,-,-,-,-,-
