,기업명,구성품,장비 모델명,장치명,모델명,사양,수량,제조사,제조국,표준 가격(원)
0,주식회사 하나로수경,구 동 기 1,HS-8000,양액공급기,HS-8000,"관수펌프2hp, 액비3라인, 8구역",1,하나로수경,대한민국,"9,500,000원"
1,주식회사 하나로수경,S / W 1,HS-8000,양액제어시스템 프로그램,HS-8000PiN,기존 양액기 설치 농가들에게 업그레이드 프로그램,1,하나로수경,대한민국,"1,000,000원"
2,주식회사 하나로수경,통 신 장 치 1,하나로하이팜,통합제어기,하나로 하이팜,통합 환경 제어 솔루션 프로그램,1,하나로수경,대한민국,"1,500,000원"
3,주식회사 하나로수경,통 신 장 치 2,하나로하이팜,PC / 모니터,"AMD Ryzen / 24""","WIN 10 64BIT, CPU 3.2GHz",1,피씨아이,대한민국,"900,000원"
4,주식회사 하나로수경,S / W 1,하나로하이팜,통합환경제어프로그램,하나로 하이팜,자동제어 컨트롤러,1,하나로수경,대한민국,"3,000,000원"
5,휴미템,센 서 류 1,RichA1,온습도센서,온습도센서,온도센서 : -40~125℃ / 정확도 ±0.2℃  습도센서 : 10~90% / 정확도 ±2.0%,1,휴미템,대한민국,"150,000원"
6,휴미템,구 동 기 1,RichA1,복합환경 제어기,Rich A1,-,1,휴미템,대한민국,"800,000원"
7,휴미템,구 동 기 1,RS-No1,모터,HMT-A300,200W,2,휴미템,대한민국,"1,800,000원"
8,휴미템,구 동 기 2,RS-No1,필터망,-,-,1,휴미템,대한민국,"80,000원"
9,휴미템,구 동 기 3,RS-No1,온습도센서,온습도센서,온도센서 : -40~125℃ / 정확도 ±0.2℃  습도센서 : 10~90% / 정확도 ±2.0%,1,휴미템,대한민국,"150,000원"
10,휴미템,구 동 기 4,RS-No1,복합환경 제어기,Rich A1,-,1,휴미템,대한민국,"800,000원"
11,휴미템,구 동 기 5,RS-No1,습도공조 시스템,RS-NO1,-,1,휴미템,대한민국,"1,800,000원"
12,(유)금화이엔에스,센 서 류 1,NEO-H,온도센서,NTC,측정범위 : -20 ~ 80,1,영인전자,대한민국,"300,000원"
13,(유)금화이엔에스,센 서 류 2,NEO-H,습도센서,NTC,0 ~ 100%,1,(유)금화이엔에스,대한민국,"500,000원"
14,(유)금화이엔에스,센 서 류 3,NEO-H,배액EC센서,EC-1000,0~10mS/cm,1,청호엔지니어링,대한민국,"500,000원"
15,(유)금화이엔에스,센 서 류 4,NEO-H,배액pH센서,PH-1000,0~14pH,1,청호엔지니어링,대한민국,"500,000원"
16,(유)금화이엔에스,구 동 기 1,NEO-H,양액자동공급장치,NEO-H,혼합탱크공급방식,1,(유)금화이엔에스,대한민국,"15,000,000원"
17,(유)금화이엔에스,S / W 1,NEO-H,제어솔루션,NEO-SW,PC,1,(유)금화이엔에스,대한민국,"2,000,000원"
18,(주)로그인서광,센 서 류 1,LSG-CONT3201,온습도센서노드,LSG-THSN001,"온도:-20~80, 습도 0~100%",1,로그인서광,한국,"600,000원"
19,(주)로그인서광,구 동 기 1,LSG-CONT3201,스마트제어기,LSG-CONT3201,수동/원격제어구동기,1,로그인서광,한국,"4,000,000원"
20,(주)로그인서광,통 신 장 치 1,LSG-CONT3201,키오스크,LSG-KIOSK,"통합원격제어,모니터링",1,로그인서광,한국,"3,100,000원"
21,(주)로그인서광,S / W 1,LSG-CONT3201,환경제어 SW,팜사랑,통합환경제어 SW 업데이트,1,로그인서광,한국,"300,000원"
22,(유)금화이엔에스,센 서 류 1,NEO1000,건구온도센서,NTC,-20 ~ 80℃,2,영인전자,대한민국,"300,000원"
23,(유)금화이엔에스,센 서 류 2,NEO1000,습구(온도)습도센서,NTC,0 ~ 100%RH,2,(유)금화이엔에스,대한민국,"500,000원"
24,(유)금화이엔에스,센 서 류 3,NEO1000,풍향/풍속센서,Vantage_Pro,"0~359°, 0~50m/s",1,davis,미국,"500,000원"
25,(유)금화이엔에스,센 서 류 4,NEO1000,감우센서,감우1000,측정간격 1.0mm,1,청호엔지니어링,대한민국,"400,000원"
26,(유)금화이엔에스,센 서 류 5,NEO1000,일사센서,Vantage_Pro,"0~1,800/㎡",1,davis,미국,"500,000원"
27,(유)금화이엔에스,센 서 류 6,NEO1000,CO2센서,SH-NDC-003,"0~3,000ppm",1,소하테크,대한민국,"300,000원"
28,(유)금화이엔에스,센 서 류 7,NEO1000,토양센서,WT-1000B,토양EC 0-6.0dS/m 토양온도 0~60℃,1,미래센서,대한민국,"500,000원"
29,(유)금화이엔에스,센 서 류 8,NEO1000,배액EC센서,EC-1000,0.00~10.00mS/cm,1,청호엔지니어링,대한민국,"500,000원"
30,(유)금화이엔에스,센 서 류 9,NEO1000,배액PH센서,PH-1000,0.00~14.00pH,1,청호엔지니어링,대한민국,"500,000원"
31,(유)금화이엔에스,통 신 장 치 1,NEO1000,센서노드,KH-1000,"건구온도,습도,CO2",1,(유)금화이엔에스,대한민국,"3,500,000원"
32,(유)금화이엔에스,통 신 장 치 2,NEO1000,통합제어기,NEO1000,복합환경제어기,1,(유)금화이엔에스,대한민국,"1,300,000원"
33,(유)금화이엔에스,통 신 장 치 3,NEO1000,통합판넬,NEO-MCC,배전반,1,(유)금화이엔에스,대한민국,"5,000,000원"
34,(주)귿큰,센 서 류 1,ICTINTERCOP(V1),온도센서,고정밀온도센서,측정범위 : -20~60℃,1,AOSONG,한국,"5,900원"
35,(주)귿큰,센 서 류 2,ICTINTERCOP(V1),습도센서,고정밀온도,측정범위 : -20~60℃,1,AOSONG,한국,"5,900원"
36,(주)귿큰,구 동 기 1,ICTINTERCOP(V1),구동제어,전자식릴레이,HR710-2p DC24,18,KACON,한국,"3,500원"
37,(주)귿큰,통 신 장 치 1,ICTINTERCOP(V1),이더넷,원격통신포트,RJ45-EZ_L,1,LS전선,한국,"16,500원"
38,(주)귿큰,통 신 장 치 2,ICTINTERCOP(V1),융복합환경제어장치,ICTINTERCOP(V1),"온도,습도,풍향",1,귿큰,한국,"15,000,000원"
39,(주)귿큰,S / W 1,ICTINTERCOP(V1),원격제어및모니터링,ICTINTERCOP(V1),"C,JAVA",1,귿큰,한국,0원
40,케이앤디글로벌,센 서 류 1,i-1100,온습도센서,i-1100T,-20~100℃,1,(주)케이앤디글로벌,국산,원
41,케이앤디글로벌,센 서 류 2,i-1100,"암모니아, tVOC센서",i-1100G,5~95%,1,(주)케이앤디글로벌,국산,원
42,케이앤디글로벌,센 서 류 3,i-1100,전류감지센서,i-1100C,Current Ratio 100A/max120A,1,(주)케이앤디글로벌,국산,원
43,케이앤디글로벌,구 동 기 1,i-1100,ICT 복합환경제어시스템,i-1100,제어기능,1,(주)케이앤디글로벌,국산,원
44,케이앤디글로벌,S / W 1,i-1100,모니터링 시스템,i-1100SW,웹 서버,1,(주) 케이앤디글로벌,국산,"33,000,000원"
45,(주)나래트랜드,센 서 류 1,반딧불이-스마트팜원격제어시스템,온도센서,NTC-10K,"10KΩ, 온도: -25~65℃",1,센서랜드,대한민국,"20,000원"
46,(주)나래트랜드,센 서 류 2,반딧불이-스마트팜원격제어시스템,습도센서,NR-AG-S06,0~100%RH,1,(주)나래트랜드,대한민국,"80,000원"
47,(주)나래트랜드,구 동 기 1,반딧불이-스마트팜원격제어시스템,통합제어기,스마트팜 원격제어시스템,"IN/OUT Port, Relay Board, 통신네트워크,원격관제,알람",1,(주)나래트랜드,대한민국,"2,600,000원"
48,(주)나래트랜드,통 신 장 치 1,반딧불이-스마트팜원격제어시스템,센서노드,ES-06,"RS485, 4~20mA, 전압형 센서적용",1,(주)나래트랜드,대한민국,"250,000원"
49,(주)나래트랜드,S / W 1,반딧불이-스마트팜원격제어시스템,팜노트,팜노트,Web,1,(주)나래트랜드,대한민국,"2,000,000원"
50,(주)나래트랜드,S / W 2,반딧불이-스마트팜원격제어시스템,어플리케이,반딧불이,스마트폰,1,(주)나래트랜드,대한민국,"500,000원"
51,(주)나래트랜드,센 서 류 1,반딧불이-복합환경제어시스템,온도센서,NTC-10K,"10KΩ, 온도: -25~65℃",1,센서랜드,대한민국,"20,000원"
52,(주)나래트랜드,센 서 류 2,반딧불이-복합환경제어시스템,습도센서,NR-AG-S06,0~100%RH,1,(주)나래트랜드,대한민국,"80,000원"
53,(주)나래트랜드,구 동 기 1,반딧불이-복합환경제어시스템,통합제어기,복합환경제어시스템,"제어판넬,터치모니터,통신보드,자동제어알고리즘탑재Relay Board, 통신네트워크",1,(주)나래트랜드,대한민국,"7,500,000원"
54,(주)나래트랜드,통 신 장 치 1,반딧불이-복합환경제어시스템,센서노드,ES-06,"RS485, 4~20mA, 전압형 센서적용",1,(주)나래트랜드,대한민국,"250,000원"
55,(주)나래트랜드,S / W 1,반딧불이-복합환경제어시스템,팜노트,팜노트,Web,1,(주)나래트랜드,대한민국,"2,000,000원"
56,(주)나래트랜드,S / W 2,반딧불이-복합환경제어시스템,어플리케이,반딧불이,스마트폰,1,(주)나래트랜드,대한민국,"500,000원"
57,농업회사법인 주식회사 그린첨단과학온실,센 서 류 1,GODS-5000,우적센서,DRC-300,DC24V(전기식 강우인식),1,태성기전,한국,"85,000원"
58,농업회사법인 주식회사 그린첨단과학온실,센 서 류 2,GODS-5000,온습도센서,FG-6485,"DC24V(RS485통신, 온습도측정)",,광주치앙마이전자,중국,"50,000원"
59,농업회사법인 주식회사 그린첨단과학온실,통 신 장 치 1,GODS-5000,통합판넬(돌쇠 아두이노 2.0),GODS-5000,복합환경제어기 (우적/온습도 data),1,그린첨단,한국,"500,000원"
60,주식회사 큐빅스,센 서 류 1,QSM,온습도 측정기,QWTH,"온도,습도 측정",1,(주)큐빅스,대한민국,"350,000원"
61,주식회사 큐빅스,S / W 1,QSM,클라우드서비스,,"센서데이터조회(센서기기당 월1만원,연간과금)",1,(주)큐빅스,대한민국,"120,000원"
62,케이앤디글로벌,센 서 류 1,i-1100,온습도센서,i-1100T,-20~100℃,1,(주)케이앤디글로벌,국산,원
63,케이앤디글로벌,센 서 류 2,i-1100,"암모니아, tVOC센서",i-1100G,5~95%,1,(주)케이앤디글로벌,국산,원
64,케이앤디글로벌,센 서 류 3,i-1100,전류감지센서,i-1100C,Current Ratio 100A/max120A,1,(주)케이앤디글로벌,국산,원
65,케이앤디글로벌,구 동 기 1,i-1100,ICT 복합환경제어시스템,i-1100,제어기능,1,(주)케이앤디글로벌,국산,"30,000,000원"
66,케이앤디글로벌,S / W 1,i-1100,모니터링 시스템,i-1100SW,웹 서버,1,(주) 케이앤디글로벌,국산,원
67,주식회사 대단,센 서 류 1,TCZ41,IOT온도제어기,TCZ41,"-20~70℃,무선 Zigbee",1,대단,대한민국,"450,000원"
68,주식회사 대단,센 서 류 2,TCZ41,CO2모니터링센서,CON20,"0~5,000ppm",1,대단,대한민국,"600,000원"
69,주식회사 대단,센 서 류 3,TCZ41,CO2모니터링센서,CON41,"0~5,000ppm, 무선 Zigbee",1,대단,대한민국,"600,000원"
70,주식회사 대단,통 신 장 치 1,TCZ41,유선게이트웨이,GWM20,RS-485 RTU,1,대단,대한민국,"550,000원"
71,주식회사 대단,통 신 장 치 2,TCZ41,무선게이트웨이,GWM40,무선 Zigbee,1,대단,대한민국,"550,000원"
72,주식회사 대단,통 신 장 치 3,TCZ41,무선중계기,RFS40,무선 Zigbee,1,대단,대한민국,"350,000원"
73,주식회사 대단,S / W 1,TCZ41,운영프로그램,X3 웹스카다,,1,대단,대한민국,"7,000,000원"
74,(주)팜패스,센 서 류 1,팜내비,온습도센서,SM1910B,-30~80,5,sonbest,중국,"50,000원"
75,(주)팜패스,구 동 기 1,팜내비,환경관리기,팜내비,"온습도, CO2, 풍향 , 풍속, 강우 등",1,팜패스,대한민국,"10,000,000원"
76,(주)팜패스,S / W 1,팜내비,환경모니터링시스템,팜내비,원격 환경 제어,1,팜패스,대한민국,"5,000,000원"
77,(주)규원테크,센 서 류 1,Biomass-Boiler(2Mth),복합환경센서,i-1000T/G/C,"NH3, T/H, tVOC, 전류감지센서",1,(주) 케이앤디글로벌,대한민국,원
78,(주)규원테크,구 동 기 1,Biomass-Boiler(2Mth),피딩 모터,MAX GEARED MOTOR F172,1.5KW-4P-3상,1,SSAMYANG,대한민국,원
79,(주)규원테크,구 동 기 2,Biomass-Boiler(2Mth),수평연료 모터,MAX GEARED MOTOR F153,0.75KW-4P-3상,1,SAMYANG,대한민국,원
80,(주)규원테크,구 동 기 3,Biomass-Boiler(2Mth),호퍼,Biomass_Boiler_hopper,,1,(주)규원테크,대한민국,원
81,(주)규원테크,구 동 기 4,Biomass-Boiler(2Mth),연소로/보일러,Biomass-Boiler(2Mth),"1,720,000kcal/h",1,(주)규원테크,대한민국,"700,000,000원"
82,(주)규원테크,구 동 기 5,Biomass-Boiler(2Mth),백필터,Biomass_Boiler_Bag Filter,,,(주)규원테크,대한민국,원
83,(주)규원테크,구 동 기 6,Biomass-Boiler(2Mth),멀티싸이클론,Biomass_Boiler_Cyclone,,,(주)규원테크,대한민국,원
84,(주)규원테크,통 신 장 치 1,Biomass-Boiler(2Mth),ICT 복합환경제어시스템,i-1000,제어기능,1,(주) 케이앤디글로벌,대한민국,"50,000,000원"
85,그린씨에스(주),구 동 기 1,MAGMA1000V20,양액기,마그마V2.0,"믹싱형, 10ton",1,그린씨에스(주),대한민국,"17,000,000원"
86,그린씨에스(주),센 서 류 1,MAGMAPLUS-1000,온습도센서(온실용),,"범위 -20℃~+80℃,0~100%",2,그린씨에스(주),대한민국,"920,000원"
87,그린씨에스(주),센 서 류 2,MAGMAPLUS-1000,온도센서(외기용),,범위 -40℃~+60℃,1,그린씨에스(주),대한민국,"149,500원"
88,그린씨에스(주),센 서 류 3,MAGMAPLUS-1000,CO2센서,,0-3000ppm,1,그린씨에스(주),대한민국,"1,035,000원"
89,그린씨에스(주),센 서 류 4,MAGMAPLUS-1000,풍향풍속센서,,"0~359°,0~60m/s",1,그린씨에스(주),대한민국,"805,000원"
90,그린씨에스(주),센 서 류 5,MAGMAPLUS-1000,감우센서,,DC 24V Relay Type,1,그린씨에스(주),대한민국,"345,000원"
91,그린씨에스(주),센 서 류 6,MAGMAPLUS-1000,일사량센서,,범위  0~2000W/㎡,1,그린씨에스(주),대한민국,"920,000원"
92,그린씨에스(주),통 신 장 치 1,MAGMAPLUS-1000,복합환경제어기,MAGMAPLUS-1000,데이터로거&AD컨버터,1,그린씨에스(주),대한민국,"9,200,000원"
93,그린씨에스(주),통 신 장 치 2,MAGMAPLUS-1000,운용PC,,I3쿼드코어,1,삼성전자,대한민국,"897,000원"
94,그린씨에스(주),통 신 장 치 3,MAGMAPLUS-1000,모니터,,LED 24인치,1,삼성전자,대한민국,"322,000원"
95,그린씨에스(주),S / W 1,MAGMAPLUS-1000,PC용온실운용프로그램,MAGMAPLUS,PC전용,1,그린씨에스(주),대한민국,"9,315,000원"
96,그린씨에스(주),S / W 2,MAGMAPLUS-1000,모바일전용온실운용프로그램,MAGMAPLUS,모바일전용,1,그린씨에스(주),대한민국,"1,035,000원"
97,(주)우성하이텍,센 서 류 1,FS-50,"Indoor Environment Sensor node(Temp,Humidity)",WSN-802,무선통신모듈(zigbee),1,(주)우성하이텍,대한민국,"260,000원"
98,(주)우성하이텍,센 서 류 2,FS-50,"Indoor Environment Sensor node(Temp,Humidity, CO2)",WSN-803,무선통신모듈(zigbee),1,(주)우성하이텍,대한민국,"455,000원"
99,(주)우성하이텍,센 서 류 3,FS-50,Weather Environment Sensor Node,WSN-800,무선통신모듈(zigbee),1,(주)우성하이텍,대한민국,"455,000원"
100,(주)우성하이텍,센 서 류 4,FS-50,유선온도센서,FTS-50,~19~60℃,1,(주)우성하이텍,대한민국,"68,900원"
101,(주)우성하이텍,센 서 류 5,FS-50,Wind Sensor,WDSS-201,풍향 : 16방위 / 풍속 : 0~70㎧,1,(주)우성하이텍,대한민국,"325,000원"
102,(주)우성하이텍,센 서 류 6,FS-50,Solar Sensor,WSS-202,0 ~ 2000W/㎡,1,(주)우성하이텍,대한민국,"130,000원"
103,(주)우성하이텍,센 서 류 7,FS-50,Rain Sensor,WRS-203,강우유무,1,(주)우성하이텍,대한민국,"130,000원"
104,(주)우성하이텍,센 서 류 8,FS-50,Temp. Humidity Sensor,WTH-204,-19~60℃ / 0~99.9%,1,(주)우성하이텍,대한민국,"130,000원"
105,(주)우성하이텍,구 동 기 1,FS-50,팜시스 컨트롤러,FSC-1520,임베디드 컴퓨터,1,(주)우성하이텍,대한민국,"2,353,000원"
106,(주)우성하이텍,S / W 1,FS-50,e-farmer smart,FSS-16,시설원예 환경제어 소프트웨어,1,(주)우성하이텍,대한민국,"780,000원"
107,주식회사 디오비에스,통 신 장 치 1,RF-4528PL,스마트ICT원격농장 제어기,RF-4528PL,복합환경제어기,1,디오비에스,한국,"3,300,000원"
108,맘꽃가든,통 신 장 치 1,SLOWER-1,구동기 제어 통신 노드,SLOWER-1,"mcu,RS485 modbus, 8ch ssr control, 8ch md control",1,맘꽃가든,대한민국,"1,320,000원"
109,맘꽃가든,통 신 장 치 2,SLOWER-1,센서 측정 통신 노드,SLOWER-1,"mcu,RS485 modbus DigitalInput, AnalogInput",1,맘꽃가든,대한민국,"880,000원"
110,맘꽃가든,S / W 1,SLOWER-1,클라우드 웹서비스,SLOWER-1,"2vCPU, 16G Memory, 80GB SSD",1,맘꽃가든,대한민국,0원
111,맘꽃가든,S / W 2,SLOWER-1,모바일앱,SLOWER-1,"Flutter,FireBase, Android, iOS",1,맘꽃가든,대한민국,0원
112,주식회사 우주,센 서 류 1,SUN-V02,온습도계,WJ-TH0101,"-25~65°C,0~100%RH",1,우주,한국,"200,000원"
113,주식회사 우주,센 서 류 2,SUN-V02,CO2센서,SH-VT260,"0~5,000PPM",1,,한국,"550,000원"
114,주식회사 우주,센 서 류 3,SUN-V02,일사센서,WHS-S6,0 ~ 1500 W/㎡,1,우성,한국,"180,000원"
115,주식회사 우주,센 서 류 4,SUN-V02,토양센서,Hydra Probe,0.01 to 1.5 S/m,1,STEVENS,미국,"800,000원"
116,주식회사 우주,센 서 류 5,SUN-V02,레인센서,,"3면, 히팅기능",1,,한국,"200,000원"
117,주식회사 우주,센 서 류 6,SUN-V02,풍향풍속계,KR7911,,1,,미국,"400,000원"
118,주식회사 우주,구 동 기 1,SUN-V02,복합환경제어기,SUNNET-복합환경제어기,700*1200*250,1,우주,한국,"5,000,000원"
119,주식회사 우주,구 동 기 2,SUN-V02,개폐기제어반,SUNNET-제어반,1700*2000*500,1,우주,한국,"12,000,000원"
120,주식회사 우주,S / W 1,SUN-V02,어플리케이션,SUNNET,안드로이드,1,우주,한국,"1,500,000원"
121,(주)청오엔지니어링,센 서 류 1,COFF-3000,외부온습도센서,AM-2301,"-40 ~ +125 ℃,0~100%",1,AOSONG,중국,"198,000원"
122,(주)청오엔지니어링,센 서 류 2,COFF-3000,풍향센서,YGC-FX,0~360°,1,WUHAN XINPU,중국,"195,000원"
123,(주)청오엔지니어링,센 서 류 3,COFF-3000,풍속센서,YJ-FS,0~70M m/s,1,WUHAN XINPU,중국,"160,000원"
124,(주)청오엔지니어링,센 서 류 4,COFF-3000,강우센서,CORC-2016,"전압:DC24V  감도조절:L,M,H",1,청오엔지니어링,한국,"150,000원"
125,(주)청오엔지니어링,센 서 류 5,COFF-3000,일사센서,PYRA300V,0~1800W/m2,1,청오엔지니어링`,한국,"240,000원"
126,(주)청오엔지니어링,센 서 류 6,COFF-3000,내부온습도센서,NRC-10K,측정범위 : -20 ~ +125 ℃ 0~100%,1,청오엔지니어링,한국,"198,000원"
127,(주)청오엔지니어링,센 서 류 7,COFF-3000,CO2센서,MH-Z14A,0~10000ppm,1,WINSEN,중국,"130,000원"
128,(주)청오엔지니어링,센 서 류 8,COFF-3000,지온지습센서,SMTS-II-100,-30~70℃,1,DALIAN ENDEA,중국,"220,000원"
129,(주)청오엔지니어링,구 동 기 1,COFF-3000,통합판넬,COCB-CE10,개폐장치및구동장치제어,1,청오엔지니어링,한국,"1,800,000원"
130,(주)청오엔지니어링,구 동 기 2,COFF-3000,복합환경제어기기,제어모듈,RS485통신,1,케이티,한국,"360,000원"
131,(주)청오엔지니어링,구 동 기 3,COFF-3000,복합환경제어기,전원모듈,"입력:220V, 출력:5V, 1A",1,케이티,한국,"180,000원"
132,(주)청오엔지니어링,구 동 기 4,COFF-3000,복합환경제어기,구동모듈,DI/DO상태표시 전원:5V,1,케이티,한국,"186,000원"
133,(주)청오엔지니어링,통 신 장 치 1,COFF-3000,외부센서노드,COCB-OW,외부기상대보드+함체,1,청오엔지니어링,한국,"158,000원"
134,(주)청오엔지니어링,통 신 장 치 2,COFF-3000,내부센서노드,COCB-IW,내부기상대보드+함체,1,청오엔지니어링,한국,"158,000원"
135,(주)이화글로벌,구 동 기 1,CPV-Q2906KX,인버터냉난방기,CPV-Q2906KX,대형 고효율 인버터 탑재,1,캐리어,대한민국,"15,000,000원"
136,(주)이화글로벌,통 신 장 치 1,CPV-Q2906KX,통신 게이트웨이,ET0808,485 to 이더넷,1,이화글로벌,대한민국,"6,000,000원"
137,(주)이화글로벌,S / W 1,CPV-Q2906KX,제어/모니터링SW,E-FARM,"모바일, pc sw",1,이화글로벌,대한민국,"3,000,000원"
138,주식회사 팀스페이스팜,센 서 류 1,SS-22-B,복합환경제어기(연동),SS-22-B(스마트쑥쑥),"온도,습도,조도,CO2,기압,5백메가 카메라, TPU+SOC",1,주식회사 팀스페이스팜,대한민국,"1,680,000원"
139,주식회사 팀스페이스팜,S / W 1,SS-22-B,환경모니터링,SS-22-B(스마트쑥쑥),,1,주식회사 팀스페이스팜,대한민국,원
140,농부이야기,센 서 류 1,K1-SF,온도센서,FOX-2000TR,-55.5℃~99.9℃,1,(주)코노텍,한국,"110,000원"
141,농부이야기,센 서 류 2,K1-SF,온습도센서,FOX-9302R1,온도:-55.5℃~99.9℃온도:-55.5℃~99.9℃/습도:10.0%~95.0%,1,(주)코노텍,한국,"275,000원"
142,농부이야기,센 서 류 3,K1-SF,제이왓데이터수집장치(온습도센서),JWAT-T100,온도범위 : -55℃~99.9℃ (NCT10K) 습도범위 : 10~90%R.H.(HCPV-220H) 입력전원 : 12Vdc~24Vdc,1,농부이야기,한국,"275,000원"
143,농부이야기,통 신 장 치 1,K1-SF,제이왓스마트팜,K1-SF,"PVC재질400*500, 485통신,10포트",1,농부이야기,한국,"2,750,000원"
144,(주)경농,센 서 류 1,KN-SI-CI-001,외부기상대,WSC11,일사/온도/습도/풍향/풍속/감우,1,thiesclima,독일,"2,500,000원"
145,(주)경농,센 서 류 2,KN-SI-CI-001,온습도 상자,건습구,3K/NTC,1,경농,대한민국,"1,000,000원"
146,(주)경농,구 동 기 1,KN-SI-CI-001,시그닛복합환경제어기,KN-SI-CI-001,1구역,1,경농,대한민국,"10,000,000원"
147,(주)경농,S / W 1,KN-SI-CI-001,시그닛 복합환경제어 제어 프로그램,제어용,,1,경농,대한민국,"3,000,000원"
148,(주)경농,S / W 2,KN-SI-CI-001,시그닛 복합환경제어 UI 프로그램,유저용,,1,경농,대한민국,"1,500,000원"
149,케이디솔루션(주),센 서 류 1,KDS-700YFC,무선화재 감지기,FDT-451VSH,447mhz,1,(주)로제타텍,대한민국,"330,000원"
150,케이디솔루션(주),구 동 기 1,KDS-700YFC,화재 써지 제로 컷,KDS-700YFC,3상4선+G(PE) 380Vac/220Vac,1,케이디솔루션(주),대한민국,"2,500,000원"
151,케이디솔루션(주),통 신 장 치 1,KDS-700YFC,LTE Modem,ATM-M700,2.4GHz,1,(주)아프로텍,대한민국,"110,000원"
152,케이디솔루션(주),통 신 장 치 2,KDS-700YFC,무선화재 수신기,SPA-400SPD,447MHz/10mW,1,케이디솔루션(주),대한민국,"450,000원"
153,제트텍,구 동 기 1,ZFARM,통합제어기(디지털제어기),Raspberry Pi 4 Model B,특정소출력 무선기기,1,Raspberry Pi Foundation,영국,"1,000,000원"
154,제트텍,구 동 기 2,ZFARM,전자개폐기,GMC-20P2,2P 220V 20A,1,(주)에이엠스지디,한국,"50,000원"
155,제트텍,구 동 기 3,ZFARM,전자개폐기,MC-18b,440V 18A,1,(주)LS산전,한국,"50,000원"
156,제트텍,구 동 기 4,ZFARM,전자개폐기,MC-22b,440V 18A,1,(주)LS산전,한국,"50,000원"
157,제트텍,통 신 장 치 1,ZFARM,공유기,T5008,IP할당 및 포트포워딩,1,(주)이에프엠네트웍스,한국,"50,000원"
158,제트텍,S / W 1,ZFARM,ZFARM,ZFARM,원격 환경제어,1,제트텍,한국,"1,500,000원"
159,주식회사 수경팜스,센 서 류 1,SKDA-2000,우적센서,CNT-WJ24,DC24V,1,코노텍,한국,"85,000원"
160,주식회사 수경팜스,센 서 류 2,SKDA-2000,온도센서,FOX-7000TT,AC220V,1,코노텍,한국,"85,000원"
161,주식회사 수경팜스,센 서 류 3,SKDA-2000,온습도센서(RS485),FG6485,RS485통신,1,청변전자,중국,"39,550원"
162,주식회사 수경팜스,구 동 기 1,SKDA-2000,통합판넬,SKDA-2000,개폐장치및구동장치제어5~24,1,수경팜스,한국,"400,000원"
163,주식회사 수경팜스,통 신 장 치 1,SKDA-2000,돌쇠 아두이노 2.0,DA001,DC24V,1,수경팜스,한국,"528,000원"
164,주식회사 수경팜스,S / W 1,SKDA-2000,돌쇠 2.0,DS001,DC3.3V,1,수경팜스,한국,"420,000원"
165,케이디솔루션(주),구 동 기 1,KDS-050SF,낙뢰보호기,KDS-050SF,단상2선식,1,케이디솔루션(주),대한민국,"550,000원"
166,케이디솔루션(주),통 신 장 치 1,KDS-20TFD,낙뢰보호기,KDS-20TFD,2port / RS-485,1,케이디솔루션(주),대한민국,"385,000원"
167,케이디솔루션(주),구 동 기 1,KDS-100YF,낙뢰보호기,KDS-100YF,3상4선+PE,1,케이디솔루션(주),대한민국,"1,000,000원"
168,한국아이오티주식회사,통 신 장 치 1,HK-CONICT-10,ICT 통합제어시스템,HK-COWSENSW-1,분석및 제어 프로그램,1,한국아이오티주식회사,한국,"5,400,000원"
169,한국아이오티주식회사,통 신 장 치 2,HK-CONICT-10,원격제어 모듈,HK-CONICT-10,"LoRa통신, 4포트 입력, 4포트 출력, 485 통신,",1,한국아이오티,한국,"330,000원"
170,(주)한국더원,센 서 류 1,HD22,온도습도센서,NJ15,"통신 -20~50℃, 0~100%",2,농정사이버,국산,"300,000원"
171,(주)한국더원,센 서 류 2,HD22,외부온도센서,NJ15-1,"통신 -20~50℃, 0~100%",1,농정사이버,국산,"300,000원"
172,(주)한국더원,센 서 류 3,HD22,CO2센서,,트랜스미터,1,소하테크,국산,"530,000원"
173,(주)한국더원,센 서 류 4,HD22,일사센서,SYE-2007PM,"SYE-420M,4~20㎃,w/m",1,신영전자,국산,"450,000원"
174,(주)한국더원,센 서 류 5,HD22,"지온,지습,EC",WT1000B,통신,1,미래센서,국산,"600,000원"
175,(주)한국더원,센 서 류 6,HD22,강우센서,COT,릴레리,1,코노텍,국산,"120,000원"
176,(주)한국더원,센 서 류 7,HD22,"풍향,풍속센서",Anemomet-7911,통신,1,Davis,미국,"950,000원"
177,(주)한국더원,구 동 기 1,HD22,복합환경제어시스템,HD22,"청청,측창등 통합제어",1,한국더원,국산,"8,500,000원"
178,(주)한국더원,구 동 기 2,HD22,컨트롤라,LS,PLC  set,1,LS,국산,"2,200,000원"
179,(주)한국더원,통 신 장 치 1,HD22,통신컴버터,,"485컴버터,통신카드",1,시스템베이스,국산,"250,000원"
180,(주)한국더원,통 신 장 치 2,HD22,컴퓨터,삼성,"CPU3.0,4GB,128GB,1TB",1,삼성,국산,"1,800,000원"
181,(주)한국더원,S / W 1,HD22,원격제어,NJ2015,스마트폰및컴퓨터원격제,1,농정사이버,국산,"4,700,000원"
182,(주)한국더원,S / W 2,HD22,환제어프로그램,HD-2,제어로직,1,한국더원,국산,"3,500,000원"
183,(주)이화글로벌,센 서 류 1,ET-0808,온도센서,THD시리즈,온도습도,1,오토닉스,대한민국,"500,000원"
184,(주)이화글로벌,센 서 류 2,ET-0808,우적센서,해밀301,I.O 접점출력,1,해밀기연,대한민국,"500,000원"
185,(주)이화글로벌,센 서 류 3,ET-0808,암모니아센서,EA-100,0-100PPM,1,(주)이화글로벌,대한민국,"1,500,000원"
186,(주)이화글로벌,센 서 류 4,ET-0808,황화수소센서,EH-100,0-100PPM,1,(주)이화글로벌,대한민국,"2,000,000원"
187,(주)이화글로벌,구 동 기 1,ET-0808,환경제어기,ET-0808,원격환경제어,1,(주)셀링스,대한민국,"8,000,000원"
188,(주)이화글로벌,S / W 1,ET-0808,환경모니터,이화팜 Ver1.0,원격환경제어,1,(주)이화글로벌,대한민국,"500,000원"
189,우리팜,센 서 류 1,WEFC2022010001,센서,WEFS-01,"온도,습도,CO2",2,암페놀센싱,미국,"680,000원"
190,우리팜,구 동 기 1,WEFC2022010001,복합한경제어기(연동),WEFC2022010001,"측정,제어",1,우리팜,대한민국,"1,200,000원"
191,주식회사 이스케이프시스템,센 서 류 1,eScapedFarms,온습도센서,eF-IN-TH,온도: -40°C~125°C 오차범위: ±0.2°C(상온) 습도: 0%~100% RH 오차범위: ±2%,1,(주)이스케이프시스템,대한민국,"200,000원"
192,주식회사 이스케이프시스템,센 서 류 2,eScapedFarms,CO2 센서,eF-IN-P,"측정범위: 0~5,000ppm 오차범위: ±50ppm",1,(주)이스케이프시스템,대한민국,"300,000원"
193,주식회사 이스케이프시스템,센 서 류 3,eScapedFarms,일사량센서,eF-IN-L,"범위: 0 ~ 2,000W/m2 범위: 188 ~ 88,000Lux",1,(주)이스케이프시스템,대한민국,"200,000원"
194,주식회사 이스케이프시스템,통 신 장 치 1,eScapedFarms,센서노드,eF-IN-SN,"Input: DC 5v Ouput: DC 3.3v, 5v Digital I.O: 14개 Analog I.O: 8개 RS485 통신",1,(주)이스케이프시스템,대한민국,"500,000원"
195,주식회사 이스케이프시스템,통 신 장 치 2,eScapedFarms,통합제어기,eScaped Farms,Input: AC 220v Digital I.O: 54개 Analog I.O: 16개 Network: LAN Cable RS485 통신,1,(주)이스케이프시스템,대한민국,"3,500,000원"
196,주식회사 이스케이프시스템,S / W 1,eScapedFarms,S/W,Farms V1.0,어플리케이션,1,(주)이스케이프시스템,대한민국,"1,000,000원"
197,제트텍,구 동 기 1,ZFARM,통합제어기,Raspberry,특정소출력,1,Raspberry,영국,"1,000,000원"
198,제트텍,구 동 기 2,ZFARM,전자개폐기,GMC-20P2,2P 220V 20A,1,(주)에이엠스지디,한국,"50,000원"
199,제트텍,구 동 기 3,ZFARM,전자개폐기,MC-18b,440V 18A,1,(주)LS산전,한국,"50,000원"
200,제트텍,구 동 기 4,ZFARM,전자개폐기,MC-12b,440V 12A,1,(주)LS산전,한국,"50,000원"
201,제트텍,통 신 장 치 1,ZFARM,공유기,T5008,IP할당 및 포트포워딩,1,(주)이에프엠네트웍스,한국,"50,000원"
202,제트텍,S / W 1,ZFARM,ZFARM,ZFARM,원격 환경제어,1,제트텍,한국,"1,500,000원"
203,제트텍,구 동 기 1,ZFARM,통합제어기(디지털제어기),Raspberry,특정소출력,1,Raspberry,영국,"1,000,000원"
204,제트텍,구 동 기 2,ZFARM,전자개폐기,GMC-20P2,2P 220V 20A,1,(주)에이엠스지디,한국,"50,000원"
205,제트텍,구 동 기 3,ZFARM,전자개폐기,MC-18b,440V 18A,1,(주)LS산전,한국,"50,000원"
206,제트텍,구 동 기 4,ZFARM,전자개폐기,MC-12b,440V 18A,1,(주)LS산전,한국,"50,000원"
207,제트텍,통 신 장 치 1,ZFARM,공유기,T5008,IP할당 및 포트포워딩,1,(주)이에프엠네트웍스,한국,"50,000원"
208,제트텍,S / W 1,ZFARM,ZFARM,ZFARM,원격 환경제어,1,제트텍,한국,"1,500,000원"
209,(주)팜패스,센 서 류 1,팜내비,온습도센서(내),SM1910B,"측정범위:수분0~100%RH, 온도-40~+123.8℃, 측정단위:수분4.5%,온도0.5도, 입력전원:DC6~24V, 통신방식:RS845",,SONBEST,중국,원
210,(주)팜패스,센 서 류 2,팜내비,온습도센서(외),SM6390B,"측정범위:수분0~100%RH,온도-30~+80℃, 측정단위:수분4.5%,온도0.5도,입력전원:DC7~24V, 통신방식:RS845",,SONBEST,중국,원
211,(주)팜패스,센 서 류 3,팜내비,CO2센서,SM3370B,"측정범위:0~5000ppm, 입력전원:DC12~24V, 통신방식:RS485",,SONBEST,중국,원
212,(주)팜패스,센 서 류 4,팜내비,일사량센서,SM2160B,"측정범위:0~65535Lux, 입력전원:DC6~24V, 통신방식:RS485",,SONBEST,중국,원
213,(주)팜패스,센 서 류 5,팜내비,풍향센서,SM5387B,"측정범위:0~360도, 측정단위:22.5℃, 입력전원:DC12~24V, 통신방식:RS485",,SONBEST,중국,원
214,(주)팜패스,센 서 류 6,팜내비,풍속센서,SM5387B,"측정범위:0~30m/s, 입력전원:DC12~24V, 통신방식:RS845",,SONBEST,중국,원
215,(주)팜패스,센 서 류 7,팜내비,토양센서,SM3002B,"측정범위:수분0~50%, 온도-30~+70도, 측정단위:수분3%, 온도0.5도, 입력전원:DC6~24V, 통신방식:RS845",,SONBEST,중국,원
216,(주)팜패스,구 동 기 1,팜내비,구동제어기,Actuator,DC 24V AC220V AC380V,,팜패스,국내,원
217,(주)우성하이텍,구 동 기 1,WIN-9000S,양액자동공급기,WIN9000S,혼합탱크공급방식,1,(주)우성하이텍,대한민국,원
218,(주)우성하이텍,구 동 기 2,WIN-9000S,팜시스 콘트롤러,FS-20,임베디드 컴퓨터,1,(주)우성하이텍,대한민국,원
219,동서그린,센 서 류 1,DS-F200,온도,CNT-500R,140H,3,㈜코노텍,대한민국,"150,000원"
220,동서그린,센 서 류 2,DS-F200,습도,CNT-500R,140H,3,㈜코노텍,대한민국,"150,000원"
221,동서그린,센 서 류 3,DS-F200,CO2,CNT-100,130*80*30cm6,1,㈜코노텍,대한민국,"480,000원"
222,동서그린,센 서 류 4,DS-F200,감우,HTL-301,20*18*3cm,1,해밀기연,대한민국,"140,000원"
223,동서그린,센 서 류 5,DS-F200,"풍향,풍속",BGT-FX1,20*18*30cm,1,BeijingGuxinhuayuan,중국,"900,000원"
224,동서그린,구 동 기 1,DS-F200,ICT판넬,DSF-200-1,80*40cm,1,㈜동서그린,대한민국,"5,000,000원"
225,동서그린,통 신 장 치 1,DS-F200,팜프렌즈통합제어기,DS-F200,RS485,1,㈜동서그린,대한민국,"5,000,000원"
226,동서그린,S / W 1,DS-F200,팜프렌즈1.0,IM161,안드로이드5.0,1,㈜동서그린,대한민국,"6,000,000원"
227,우림전기,센 서 류 1,URSF-01,온도센서,DS18b20,-40 ~ 125 ℃,1,DFRobot,국외,"30,000원"
228,우림전기,센 서 류 2,URSF-01,온도센서,HTL-207,0 ~ 50℃,1,해밀기연,국내,"80,000원"
229,우림전기,센 서 류 3,URSF-01,강우센서,HTL-301,DC 24V,1,해밀기연,국내,"150,000원"
230,우림전기,구 동 기 1,URSF-01,제어판넬,맞춤제작,개폐장치 및 구동장치제어 (기본 32회로),1,우림전기,국내,"2,600,000원"
231,우림전기,구 동 기 2,URSF-01,통신모듈,URSF-HW-01,RS485통신,1,우림전기,국내,"300,000원"
232,우림전기,구 동 기 3,URSF-01,전원모듈,SMPS,입력:220V 출력:5V 3A,1,썬트로닉스 /민웰,국내,"100,000원"
233,우림전기,구 동 기 4,URSF-01,PLC,LSR-XEC-DR64H,(기본 32회로),1,LS산전,국내,"600,000원"
234,우림전기,통 신 장 치 1,URSF-01,통신모듈,esp32-wroom-32e,통신,1,Espressif,국외,"50,000원"
235,우림전기,S / W 1,URSF-01,우림팜 소프트웨어,URSF-01,복합환경제어프로그램탑재(기본 32회로),1,우림전기,국내,"2,500,000원"
236,노아랩,통 신 장 치 1,NDI4O4M,ICT 스마트제어기,NDI4O4M,메인제어기,1,노아랩,한국,"220,000원"
237,SI ENG,센 서 류 1,SHA-MAIN,온도센서,SHA-PT100,-20~80,2,일진센서,국산,"15,000원"
238,SI ENG,센 서 류 2,SHA-MAIN,강우센서,SHA-RAIN,히터내장형,1,대원테크,국산,"65,000원"
239,SI ENG,구 동 기 1,SHA-MAIN,자동제어판넬,SHA-MAIN,"온/습도,강우",1,SI ENG,국산,"2,500,000원"
240,SI ENG,S / W 1,SHA-MAIN,자동제어S/W,스마트하우스,원격 환경제어,1,SI ENG,국산,"500,000원"
241,주식회사 에쿨텍,구 동 기 1,AERO-VF50,Motor,1LE0002-0EB09-0AA4-Z,380v.60Hz.1.1kw,1,Simens,China,"300,000원"
242,주식회사 에쿨텍,통 신 장 치 1,AERO-VF50,통합제어기,TSC-2000,,1,제이에이테크,대한민국,"18,500,000원"
243,태진테크,센 서 류 1,MC-V1000-8S,온도센서,온도센서,40℃ ~ 120℃,8,태진테크,대한민국,"20,000원"
244,태진테크,구 동 기 1,MC-V1000-8S,온도경보기본체,MC-V1000-8S,"실시간온도 데이터 및 막사의 고온/저온 /정전 경보 문자,전화",1,태진테크,대한민국,"1,500,000원"
245,(주)시스웍스,센 서 류 1,SHP-A1010,온도센서,KSE103HD,-30~80,4,DK센서,대한민국,"123,000원"
246,(주)시스웍스,구 동 기 1,SHP-A1010,통합컨트롤러,SHP3200M,"기압,온도체크",1,시스웍스,대한민국,"328,000원"
247,(주)시스웍스,통 신 장 치 1,SHP-A1010,유선RS485,S2H-CUBE008,,1,외산,중국,"47,000원"
248,(주)시스웍스,통 신 장 치 2,SHP-A1010,무선,YUL262IO/YUL262RTX,,3,라디오리써치,대한민국,원
249,(주)시스웍스,S / W 1,SHP-A1010,환경모니터링,SYSNET X2 SERVER,원격환경모니터링,1,시스트로닉스,대한민국,"2,000,000원"
250,(주)시스웍스,센 서 류 1,SHP-A1020S(냉난방기),온도센서,KSE103HD,-30~80,4,DK센서,대한민국,"123,000원"
251,(주)시스웍스,구 동 기 1,SHP-A1020S(냉난방기),통합컨트롤러,SHP3200M,"기압,온도체크",1,시스웍스,대한민국,"328,000원"
252,(주)시스웍스,통 신 장 치 1,SHP-A1020S(냉난방기),유선RS485,S2H-CUBE008,,1,외산,중국,"47,000원"
253,(주)시스웍스,통 신 장 치 2,SHP-A1020S(냉난방기),무선,YUL262IO/YUL262RTX,,3,라디오리써치,대한민국,"256,000원"
254,(주)시스웍스,S / W 1,SHP-A1020S(냉난방기),환경모니터링,SYSNET X2 SERVER,원격환경모니터링,1,시스트로닉스,대한민국,"2,000,000원"
255,(주)시스웍스,센 서 류 1,SHP-A1020SH,온도센서,KSE103HD,-30~80,4,DK센서,대한민국,"123,000원"
256,(주)시스웍스,구 동 기 1,SHP-A1020SH,메인보드,SHP3200M,"기압,온도체크",1,시스웍스,대한민국,"328,000원"
257,(주)시스웍스,통 신 장 치 1,SHP-A1020SH,유선RS485,S2H-CUBE008,,1,외산,중국,"47,000원"
258,(주)시스웍스,통 신 장 치 2,SHP-A1020SH,무선,YUL262IO/YUL262RTX,,3,라디오리써치,대한민국,"256,000원"
259,(주)시스웍스,S / W 1,SHP-A1020SH,환경모니터링,SYSNET X2 SERVER,원격환경모니터링,1,시스트로닉스,대한민국,"2,000,000원"
260,(주)시스웍스,센 서 류 1,SHP-A1010L,온도센서,KSE103HD,-30~80,4,DK센서,대한민국,"123,000원"
261,(주)시스웍스,구 동 기 1,SHP-A1010L,메인보드,SHP3200M,"기압,온도체크",1,시스웍스,대한민국,"328,000원"
262,(주)시스웍스,통 신 장 치 1,SHP-A1010L,유선RS485,S2H-CUBE008,,3,외산,중국,"47,000원"
263,(주)시스웍스,통 신 장 치 2,SHP-A1010L,환기팬,YUL262IO/YUL262RTX,,3,라디오리써치,대한민국,"256,000원"
264,(주)시스웍스,S / W 1,SHP-A1010L,환경모니터링,SYSNET X2 SERVER,원격환경모니터링,1,시스트로닉스,대한민국,"2,000,000원"
265,(주)시스웍스,센 서 류 1,SHP-A1010SH,온도센서,KSE103HD,-30~80,4,DK센서,대한민국,"123,000원"
266,(주)시스웍스,구 동 기 1,SHP-A1010SH,통합컨트롤러,SHP3200M,"기압,온도체크",1,시스웍스,대한민국,"328,000원"
267,(주)시스웍스,통 신 장 치 1,SHP-A1010SH,유선RS485,S2H-CUBE008,,1,외산,중국,"47,000원"
268,(주)시스웍스,통 신 장 치 2,SHP-A1010SH,무선,YUL262IO/YUL262RTX,,3,라디오리써치,대한민국,"256,000원"
269,(주)시스웍스,S / W 1,SHP-A1010SH,환경모니터링,SYSNET X2 SERVER,원격환경모니터링,1,시스트로닉스,대한민국,"2,000,000원"
270,(주)시스웍스,센 서 류 1,SHP-A1010HU,온도센서,KSE103HD,-30~80,4,DK센서,대한민국,"123,000원"
271,(주)시스웍스,구 동 기 1,SHP-A1010HU,통합컨트롤러,SHP3200M,"기압,온도체크",1,시스웍스,대한민국,"328,000원"
272,(주)시스웍스,통 신 장 치 1,SHP-A1010HU,유선RS485,S2H-CUBE008,,1,외산,중국,"47,000원"
273,(주)시스웍스,통 신 장 치 2,SHP-A1010HU,무선,YUL262IO/YUL262RTX,,3,라디오리써치,대한민국,"256,000원"
274,(주)시스웍스,S / W 1,SHP-A1010HU,환경모니터링,SYSNET X2 SERVER,원격환경모니터링,1,시스트로닉스,대한민국,"2,000,000원"
275,(주)시스웍스,센 서 류 1,SHP-A1010S(냉난방기),온도센서,KSE103HD,-30~80,4,DK센서,대한민국,"123,000원"
276,(주)시스웍스,구 동 기 1,SHP-A1010S(냉난방기),통합컨트롤러,SHP3200M,"기압,온도체크",1,시스웍스,대한민국,"328,000원"
277,(주)시스웍스,통 신 장 치 1,SHP-A1010S(냉난방기),유선RS485,S2H-CUBE008,,1,외산,중국,"47,000원"
278,(주)시스웍스,통 신 장 치 2,SHP-A1010S(냉난방기),무선,YUL262IO/YUL262RTX,,3,라디오리써치,대한민국,"256,000원"
279,(주)시스웍스,S / W 1,SHP-A1010S(냉난방기),환경모니터링,SYSNET X2 SERVER,원격환경모니터링,1,시스트로닉스,대한민국,"2,000,000원"
280,(주)시스웍스,센 서 류 1,SHP-A1010H,온도센서,KSE103HD,-30~80,4,DK센서,대한민국,"123,000원"
281,(주)시스웍스,구 동 기 1,SHP-A1010H,통합컨트롤러,SHP3200M,"기압,온도체크",1,시스웍스,대한민국,"328,000원"
282,(주)시스웍스,통 신 장 치 1,SHP-A1010H,유선RS485,S2H-CUBE008,,1,외산,중국,"47,000원"
283,(주)시스웍스,통 신 장 치 2,SHP-A1010H,무선,YUL262IO/YUL262RTX,,1,라디오리써치,대한민국,"256,000원"
284,(주)시스웍스,S / W 1,SHP-A1010H,환경모니터링,SYSNET X2 SERVER,원격환경모니터링,1,시스트로닉스,대한민국,"2,000,000원"
285,글로벌스마트솔루션 주식회사,센 서 류 1,GSS-EGF201,온습도 센서,BT-FTM02,측정범위: -20~80℃ 측정범위: 0~100% RH,1,한진데이타,한국,"150,000원"
286,글로벌스마트솔루션 주식회사,센 서 류 2,GSS-EGF201,CO2 센서,SEN0219,측정범위: 0~5000ppm,1,DFROBOT,수입,"150,000원"
287,글로벌스마트솔루션 주식회사,센 서 류 3,GSS-EGF201,강우 센서,WRS-09R,DC24~30V,1,엠에스엠컴퍼니,한국,"350,000원"
288,글로벌스마트솔루션 주식회사,구 동 기 1,GSS-EGF201,복합환경제어기,GSS-EGF201,통합제어기,1,글로벌스마트솔루션(주),대한민국,"5,000,000원"
289,글로벌스마트솔루션 주식회사,구 동 기 2,GSS-EGF201,전자릴레이,구동기 제어,구동기제어기,1,글로벌스마트솔루션(주),대한민국,"1,000,000원"
290,글로벌스마트솔루션 주식회사,통 신 장 치 1,GSS-EGF201,데이터 수집기,G7EDS1,센서노드,1,글로벌스마트솔루션(주),대한민국,"150,000원"
291,글로벌스마트솔루션 주식회사,S / W 1,GSS-EGF201,SFIMS_스마트팜 복합 환경 제어 시스템,복합환경제어프로그램,복합환경제어프로그램,1,글로벌스마트솔루션(주),대한민국,"3,000,000원"
292,(주)온더버스,센 서 류 1,ON-1000,온습도센서,HTG3535,-40°C~110°C / Humi 0~100RH,1,TEConnectivity,미국,"100,000원"
293,(주)온더버스,구 동 기 1,ON-1000,통합제어기,ON-1000,현장/원격제어지원,1,(주)온더버스,대한민국,"2,000,000원"
294,(주)온더버스,통 신 장 치 1,ON-1000,통신모듈,YUL262RTX,협대역 다채널,1,라디오리써치,대한민국,"40,000원"
295,(주)온더버스,S / W 1,ON-1000,온더팜,온더팜,원격제어 지원,1,(주)온더버스,대한민국,"1,500,000원"
296,주식회사 비바엔에스,센 서 류 1,잇츠스마트팜,온도/습도 센서,SHT35,,1,SENSIRION,국외,"300,000원"
297,주식회사 비바엔에스,센 서 류 2,잇츠스마트팜,감우센서,RS-YL-N01-2,,1,Shandong Renke Control Technology,국외,"200,000원"
298,주식회사 비바엔에스,센 서 류 3,잇츠스마트팜,일사센서,PYRA300VK,,1,Logics PowerAMR,국외,"250,000원"
299,주식회사 비바엔에스,센 서 류 4,잇츠스마트팜,풍향센서,YGC-FX,,1,CALT,국외,"200,000원"
300,주식회사 비바엔에스,센 서 류 5,잇츠스마트팜,풍속센서,YGC-FS,,1,CALT,국외,"200,000원"
301,주식회사 비바엔에스,센 서 류 6,잇츠스마트팜,지온/지습 센서,MEC10,,2,BONAD,국외,"250,000원"
302,주식회사 비바엔에스,센 서 류 7,잇츠스마트팜,백엽상(외부),SCB-001,,1,KT,국내,"300,000원"
303,주식회사 비바엔에스,센 서 류 8,잇츠스마트팜,백엽상(내부),SCB-002,,2,KT,국내,"200,000원"
304,주식회사 비바엔에스,구 동 기 1,잇츠스마트팜,전기조작제어판넬,ECP-001,,1,청오 엔지니어링,국내,"2,000,000원"
305,주식회사 비바엔에스,구 동 기 2,잇츠스마트팜,제어모듈,MKT-001,,1,KT,국내,"300,000원"
306,주식회사 비바엔에스,구 동 기 3,잇츠스마트팜,구동모듈,MKT-002,,2,KT,국내,"200,000원"
307,주식회사 비바엔에스,구 동 기 4,잇츠스마트팜,전원백업모듈,MKT-003,,1,KT,국내,"200,000원"
308,주식회사 비바엔에스,구 동 기 5,잇츠스마트팜,무선중계모듈,MKT-004,,1,KT,국내,"250,000원"
309,주식회사 비바엔에스,S / W 1,잇츠스마트팜,통합제어기 소프트웨어,잇츠스마트팜 소프트웨어,,1,비바엔에스,국내,"3,000,000원"
310,코리아디지탈(주),센 서 류 1,팜스큐브,토양함수율센서,KSM-8900,온도 -40~60°,1,코리아디지탈(주),한국,"550,000원"
311,코리아디지탈(주),센 서 류 2,팜스큐브,CO2센서,KCD HP100,0~3 000ppm,1,코리아디지탈(주),한국,"550,000원"
312,코리아디지탈(주),센 서 류 3,팜스큐브,일사센서,SWSR-7500,0~2000w/㎡,1,코리아디지탈(주),한국,"600,000원"
313,코리아디지탈(주),구 동 기 1,팜스큐브,메인컨트롤러,SFC-2800MA,24채널,1,코리아디지탈(주),한국,"5,900,000원"
314,코리아디지탈(주),통 신 장 치 1,팜스큐브,센서로드,SSN-100,온도 -40~60°,1,코리아디지탈(주),한국,"660,000원"
315,(주)시스웍스,센 서 류 1,SHP-A1010H,온도센서,KSE103HD,-30~80,4,DK센서,대한민국,"123,000원"
316,(주)시스웍스,구 동 기 1,SHP-A1010H,메인보드,SOP3200M,"기압,온도체크",,시스웍스,대한민국,"328,000원"
317,(주)시스웍스,구 동 기 2,SHP-A1010H,난방기능,SHP-A1010H,,,,,원
318,(주)시스웍스,통 신 장 치 1,SHP-A1010H,유선RS-485,S2H-CUBE008,,3,외산,중국,"47,000원"
319,(주)시스웍스,통 신 장 치 2,SHP-A1010H,무선,YUL2621O/YHL262RTX,,3,라디오리서치,대한민국,"256,000원"
320,(주)시스웍스,S / W 1,SHP-A1010H,환경모니터,SYSNET X2 SERVER,원격환경모니터링,1,시스트로닉스,대한민국,"2,000,000원"
321,(주)텔팜,센 서 류 1,TF-1001,온습도센서,ITF-FHT75,범위-20~100,1,텔팜,국산,"350,000원"
322,(주)텔팜,센 서 류 2,TF-1001,일사센서,ITF-BH1750,범위0-65535,1,텔팜,국산,"350,000원"
323,(주)텔팜,센 서 류 3,TF-1001,CO2센서,ISH-NDC,분진및습도,1,텔팜,국산,"600,000원"
324,(주)텔팜,센 서 류 4,TF-1001,강우센서,HTL-301,DC24V,1,해밀기연,국산,"130,000원"
325,(주)텔팜,통 신 장 치 1,TF-1001,원격제어기,ITF-1001,스위치~48EA,1,텔팜,국산,"4,000,000원"
326,(주)텔팜,통 신 장 치 2,TF-1001,원격제어기,ITF-1002,SUS&ABS,1,텔팜,국산,"1,800,000원"
327,(주)텔팜,S / W 1,TF-1001,어플리케이션,앱,감시및제어,1,텔팜,국산,"1,000,000원"
328,코리아데이타코퍼레이션(주),통 신 장 치 1,KDC-20TFD,통신용 낙뢰보호기,KDC-20TFD,In10kA/Imax20kA,1,코리아데이타코퍼레이션(주),대한민국,"350,000원"
329,코리아데이타코퍼레이션(주),구 동 기 1,KDC-100YF,낙뢰보호기,KDC-100YF,3상4선+G(PE) 380Vac/220Vac,1,코리아데이타코퍼레이션(주),대한민국,"1,000,000원"
330,(주)피이플렉스,구 동 기 1,안개분무시스템,안개분무시스템,KF-200K,고압분무,1,(주)피이플렉스,한국,"12,500,000원"
331,(주)피이플렉스,통 신 장 치 1,안개분무시스템,통합제어기,EMD-1000,"온도,습도등 설정값",1,(주)아이온텍,한국,"2,500,000원"
332,다스텍(주),센 서 류 1,본다우스,온도계,FOX-2000TR,-50~120℃,2,CONOTEC,대한민국,"60,000원"
333,다스텍(주),센 서 류 2,본다우스,온/습도계,220NH,0~99%,1,CONOTEC,대한민국,"150,000원"
334,다스텍(주),통 신 장 치 1,본다우스,센서노드,,485통신,1,다스텍,대한민국,"250,000원"
335,(주)성진시스템,센 서 류 1,SJ-SMFAR-08(원예),온도센서,SJ-DS18B20,'-55~125,2,OEM,,"440,000원"
336,(주)성진시스템,센 서 류 2,SJ-SMFAR-08(원예),습도센서,SJ-DHT22,0~100%,2,OEM,,"440,000원"
337,(주)성진시스템,센 서 류 3,SJ-SMFAR-08(원예),우적센서,SJ-RAIN,빗물감지,2,OEM,,"600,000원"
338,(주)성진시스템,센 서 류 4,SJ-SMFAR-08(원예),암모니아센서,SJ-AIR-NH3,5～500ppm NH3,2,OEM,,"600,000원"
339,(주)성진시스템,센 서 류 5,SJ-SMFAR-08(원예),미세먼지센서,SJ-AIR-DUST,2.5um,2,OEM,,"600,000원"
340,(주)성진시스템,구 동 기 1,SJ-SMFAR-08(원예),8포트컨트롤러,SJ-SMFARM-08,8port,4,성진시스템,대한민국,"4,000,000원"
341,(주)성진시스템,S / W 1,SJ-SMFAR-08(원예),축산 관리자,SJ스마트팜,PC 및 모바일,1,성진시스템,대한민국,"1,500,000원"
342,(주)에스이디,센 서 류 1,SED-SF-A1000,온습도센서,SED-SF-TH01,Temp: -40~125°C  / ±0.3℃ Humi:0~100%RH / ±3.0%RH,3,(주)에스이디,대한민국,"600,000원"
343,(주)에스이디,구 동 기 1,SED-SF-A1000,복합환경제어통합콘트롤러,SED-SF-A1000,"Ethernet, RS485, AC220V/ DC24V, 25CH릴레이모듈, DC24V, 자동제어알고리즘탑재, 통신네트워크",1,(주)에스이디,대한민국,"7,500,000원"
344,(주)에스이디,통 신 장 치 1,SED-SF-A1000,센서노드,SED-SF-SN01,"RS232/RS485/ADC/PWM 6CH/입DC5V/출DC5V,3.3V",3,(주)에스이디,대한민국,"1,200,000원"
345,(주)에스이디,S / W 1,SED-SF-A1000,어플리케이션,SED팜고급형,스마트폰,1,(주)에스이디,대한민국,"3,700,000원"
346,주식회사 엔스텝,센 서 류 1,NSFM-0832,온습도 센서,NS-SN-001T,"-20~80℃, 0~100%",2,엔스텝(주),대한민국,"400,000원"
347,주식회사 엔스텝,센 서 류 2,NSFM-0832,CO2센서,NS-SN-002E,400~5000ppm,1,엔스텝(주),대한민국,"200,000원"
348,주식회사 엔스텝,구 동 기 1,NSFM-0832,제어장치,NSFM-0832,8채널기본,1,엔스텝(주),대한민국,"5,500,000원"
349,그린랩스,센 서 류 1,GLP-100,온습도센서,HTG3535,측정범위 -40℃~+110℃,2,TE Connectivity,수입,"200,000원"
350,그린랩스,센 서 류 2,GLP-100,CO2센서,KCD-HP100,"측정범위 0~2,000ppm",2,코리아디지탈,한국,"450,000원"
351,그린랩스,센 서 류 3,GLP-100,CO2센서,STHC-250,"측정범위 0~3,000ppm",1,시스트로닉스,수입,"700,000원"
352,그린랩스,센 서 류 4,GLP-100,일사센서,WSR-7500+,"0~1,200 W/㎡",1,코리아디지탈,한국,"450,000원"
353,그린랩스,센 서 류 5,GLP-100,강우센서,DRC-3000,3면 감지,1,태성기전,한국,"250,000원"
354,그린랩스,구 동 기 1,GLP-100,독립제어기,Raspberry Pi 4,1.5GHz 64-bit quad-core processor,1,RASPBERRY PI,수입,"56,000원"
355,그린랩스,구 동 기 2,GLP-100,전자릴레이,SZH-RLBG-009,FR-4 circuit board design,1,SMG,수입,"27,900원"
356,그린랩스,통 신 장 치 1,GLP-100,통신모듈,YUL262RTX,협대역 다채널,1,라디오리써치,한국,"38,900원"
357,그린랩스,S / W 1,GLP-100,팜랩스 3.1 스마트팜,복합환경제어프그램탑재,복합환경제어프그램탑재,1,그린랩스,한국,"5,000,000원"
358,(주)에스이디,센 서 류 1,SED스마트팜,온습도센서,SED-SF-TH01,Temp: -40~125°C  / ±0.3℃ Humi:0~100%RH / ±3.0%RH,1,(주)에스이디,대한민국,"200,000원"
359,(주)에스이디,구 동 기 1,SED스마트팜,제어노드,SED-SF-CT01,"25CH릴레이모듈, DC24V",1,㈜에스이디,대한민국,"800,000원"
360,(주)에스이디,통 신 장 치 1,SED스마트팜,스마트팜원격통신제어기,SED-SF-A1000,"Ethernet, RS485, AC220V/ DC24V",1,㈜에스이디,대한민국,"2,000,000원"
361,(주)에스이디,통 신 장 치 2,SED스마트팜,센서노드,SED-SF-SN01,"RS232/RS485/ADC/PWM 6CH/입DC5V/출DC5V,3.3V",1,㈜에스이디,대한민국,"400,000원"
362,(주)에스이디,S / W 1,SED스마트팜,어플리케이션,SED팜,스마트폰,1,㈜에스이디,대한민국,"1,000,000원"
363,(주)코리아에너시스,센 서 류 1,NGP-109,온습도센서(센서하우징포함),THD-R-T,측정범위 : -20.0 ~ 60 ℃,2,오토닉스,대한민국,"129,000원"
364,(주)코리아에너시스,센 서 류 2,NGP-109,CO2센서,KCD-HP100,0~3000ppm,1,코리아디지탈,대한민국,"800,000원"
365,(주)코리아에너시스,통 신 장 치 1,NGP-109,이더넷통신모듈,XBL-EMTA,10/100BASE-TX,1,LS산전,대한민국,"293,000원"
366,(주)코리아에너시스,통 신 장 치 2,NGP-109,디지털통신모듈,WP8028ADAM,8DI/8DO,2,WELLPRO,중국,"90,000원"
367,(주)코리아에너시스,통 신 장 치 3,NGP-109,PLC,XEC-DR32H,"RS-232C, 485",1,LS산전,대한민국,"338,000원"
368,(주)코리아에너시스,통 신 장 치 4,NGP-109,터치스크린,ATS-M1000DA07W,"7인치 터치 디스플레이,",1,AutoBase,대한민국,"500,000원"
369,(주)코리아에너시스,S / W 1,NGP-109,온습도제어프로그램,SCADA CE,10.3.3.14,1,AutoBase,대한민국,"300,000원"
370,주식회사 이원온실산업,센 서 류 1,ewonia3000,멀티센서,Vantage Pro2,풍향/풍속/일사,3,Davis,,원
371,주식회사 이원온실산업,센 서 류 2,ewonia3000,강우,DRC-3000,3접점방식,3,우성테크,,원
372,주식회사 이원온실산업,센 서 류 3,ewonia3000,온도/습도,MVH3000D,,3,MVH3000D,,원
373,주식회사 이원온실산업,센 서 류 4,ewonia3000,CO2,COZIR-AH5000,,3,에코나래,,원
374,주식회사 이원온실산업,통 신 장 치 1,ewonia3000,모뎀,RIC-2100SK,3G 통신모뎀,3,(주)RIC,,원
375,메를로랩,통 신 장 치 1,스마트RGB전구,스마트RGB전구FB700HS-KFPW3057,FB7008HS-KNPW3057,7.0W,1,메를로랩,한국,"100,000원"
376,메를로랩,S / W 1,스마트RGB전구,Merlot Lighting,Lighting App,안드로이드/IOS,1,메를로랩,한국,0원
377,메를로랩,통 신 장 치 1,스마트2Color전구,스마트2Color전구,FB8008HS-KNPW3057,7.5W,1,메를로랩,한국,"80,000원"
378,메를로랩,S / W 1,스마트2Color전구,Merlot Lighting,Lighting App,안드로이드/IOS,1,메를로랩,한국,0원
379,메를로랩,통 신 장 치 1,스마트RGB투광등,스마트 RGB투광등,FF3030ML-KFPW1010,30W,1,메를로랩,한국,"160,000원"
380,메를로랩,S / W 1,스마트RGB투광등,Merlot Lighting,Lighting App,안드로이드/IOS,1,메를로랩,한국,0원
381,메를로랩,통 신 장 치 1,IotDC공장등,Iot DC 공장등,FH4150ML-KNDW5700,150W,1,메를로랩,한국,"330,000원"
382,메를로랩,S / W 1,IotDC공장등,merlot GRID,GRID,안드로이드,1,메를로랩,한국,0원
383,아이오크롭스(주),센 서 류 1,팜인원,배지무게,weight,50kg,1,카스,대한민국,"800,000원"
384,아이오크롭스(주),센 서 류 2,팜인원,토양수분센서,soil,teros12,1,meter group,미국,"800,000원"
385,아이오크롭스(주),센 서 류 3,팜인원,온습도광,clima,BGT,1,BGT,중국,"600,000원"
386,(주)유비엔,센 서 류 1,팜링크,온습도센서,(U-SN-W),Wireless Sensor Node 무선센서 노드(전원 : AA건전지x4) 센서부 백엽상 구조 온도 범위 : -20 ~ 80℃(±0.3℃) 습도 범위 : 0 ~ 100%(±2%),1,(주)유비엔,대한민국,"550,000원"
387,(주)유비엔,구 동 기 1,팜링크,엑츄에이터,U-ACT-W-8CH),수동/개별 제어 기능 내장  무선 주파수 : 447.9MHz  무선통신범위 : 1km 이상  KC인증(데이터전송용 무선기기),1,(주)유비엔,대한민국,"2,200,000원"
388,(주)유비엔,통 신 장 치 1,팜링크,네트워크 컨트롤러,(U-NWC-W-7S),무선 주파수 : 447.9MHz  무선통신범위 : 1km 이상  KC인증(데이터전송용 무선기기)  Stainless Case,1,(주)유비엔,대한민국,"3,300,000원"
389,(주)유비엔,S / W 1,팜링크,팜링크 온실관리 솔루션,(U-AW-M),FarmLink 자동화 솔루션  전체/개별 제어 자동화 프로그램  동별/구역별 제어 자동화 프로그램,1,(주)유비엔,대한민국,"1,100,000원"
390,제이에이(JA)테크,센 서 류 1,TSC-3000,온습도센서,CNT-TM100,측정범위 : -20 ~ 100 ℃,1,코노텍,국산,"150,000원"
391,제이에이(JA)테크,센 서 류 2,TSC-3000,강우센서,HTL-301,가열온도 -20~+60,1,해밀기연,국산,"200,000원"
392,제이에이(JA)테크,센 서 류 3,TSC-3000,풍향풍속계,MCT-TX350B,풍속:0 ~ 70.0 [㎧],1,엠씨테크,국산,"2,800,000원"
393,제이에이(JA)테크,센 서 류 4,TSC-3000,CO2,SH-VT250,측정범위0~10000ppm,1,소하테크,국산,"600,000원"
394,제이에이(JA)테크,구 동 기 1,TSC-3000,통합제어기,TSC-3000,,1,제이에이테크,국산,"18,000,000원"
395,제이에이(JA)테크,통 신 장 치 1,TSC-3000,공유기,T-5004,,1,IPTIMER,국산,"50,000원"
396,(주)다함,센 서 류 1,다함팜,외부센서노드,DF-EXT-NO1,"온/습도,풍속/풍향,일사량,감우",1,(주)다함,한국,"2,070,000원"
397,(주)다함,센 서 류 2,다함팜,내부센서노드,DF-INT-NO1,"온/습도,일사량,CO2,토양",1,(주)다함,한국,"2,340,000원"
398,(주)다함,구 동 기 1,다함팜,통합환경제어기,다함팜(DAHAMFARM),"터치PC, PLC Based Controller,써지보호기 적용,회로보호기 적용,수동/원격제어",1,(주)다함,한국,"17,240,000원"
399,(주)다함,구 동 기 2,다함팜,관제용PC,삼성데스크탑5 DM500T9Z-AD7A-CPW5,"10세대 I7-9700, 16GB, SSD 512GB, WIN10 PRO, HDD 1TB",1,삼성,한국,"1,808,950원"
400,(주)다함,구 동 기 3,다함팜,LED모니터(관제PC용),,27인치 해상도 1920 * 1080,1,삼성,한국,"316,250원"
401,(주)다함,구 동 기 4,다함팜,프린터,"삼성레이저컬러프린터, SL-C513W","컬러,무선, 64Mb",1,삼성,한국,"299,000원"
402,(주)다함,구 동 기 5,다함팜,UPS,SMC-3000I,3KVA,1,APC,외국,"1,713,500원"
403,(주)다함,구 동 기 6,다함팜,IP카메라,DS-2CD1021-1,"2메가픽셀 IP네트워크(POE) 적외선카메라,6mm 고정렌즈, IR 30M, IP67",2,HIKVISION,외국,"203,400원"
404,(주)다함,구 동 기 7,다함팜,IP카메라2-PTZ돔회전형,DS-2DE4225IW-DE,2메가픽셀 IP네트워크(POE) 적외선돔카메라,1,HIKVISION,외국,"1,380,000원"
405,(주)다함,구 동 기 8,다함팜,NVR녹화기,DS-7608NI-K2/8P,"8채널 네트워크IP NVR, 6TB HDD, HDMI AND VGA",1,HIKVISION,외국,"653,200원"
406,(주)다함,구 동 기 9,다함팜,LED모니터(CCTV용),,"27인치 LED, 1920*1080, 16:9",1,삼성,한국,"276,000원"
407,(주)다함,통 신 장 치 1,다함팜,IP공유기,IP-TIME A2004NS-MU,AC1200 유무선/Dual Band(5Ghz 2tX-2Rx 867Mbps+2.4Ghz 2Tx-2Rx 300Mbps),1,ipTIME,외국,"74,750원"
408,(주)다함,통 신 장 치 2,다함팜,허브,IP-TIME 8-PORT,8-PORT,1,ipTIME,외국,"51,750원"
409,(주)다함,통 신 장 치 3,다함팜,스위칭허브(POE),IPTIME POE800,"8PORT, PoE,FULL DUPLEX 2000Mbps, 96W",2,ipTIME,외국,"430,000원"
410,(주)다함,S / W 1,다함팜,온실통합환경제어 운영SW,DAHAMFARM,"PC,모바일 제공",1,(주)다함,한국,"9,500,000원"
411,(주)이레아이에스,센 서 류 1,RMFarm,배지수분측정,IRE_HW_RM001,"10g~40kg,5cc/bucket",1,이레아이에스,대한민국,"7,500,000원"
412,코리아데이타코퍼레이션(주),구 동 기 1,ASCU-150,냉방기,ASCU-150,ASCU-40000,1,(주)에어텍,대한민국,"10,000,000원"
413,주식회사 솔레노이드시스템,센 서 류 1,MAC-IT,토양수분센서,ZGCJ,0~100%,1,ZGCJ,중국,"300,000원"
414,주식회사 솔레노이드시스템,통 신 장 치 1,MAC-IT,USBTORS485,DM792,,1,,중국,"25,000원"
415,주식회사 솔레노이드시스템,S / W 1,MAC-IT,관비시스템프로그램,,,1,,,"300,000원"
416,주식회사 솔레노이드시스템,센 서 류 1,SNSV6-TOUCH-IT,EC센서,SNSEC,0~5ms,1,솔레노이드시스템,대한민국,"150,000원"
417,주식회사 솔레노이드시스템,구 동 기 1,SNSV6-TOUCH-IT,pH센서,PSP1020CD,0~14pH,1,RHSYSTEM,미국,"150,000원"
418,주식회사 솔레노이드시스템,통 신 장 치 1,SNSV6-TOUCH-IT,USBTORS485,DM792,,1,,중국,"25,000원"
419,주식회사 솔레노이드시스템,S / W 1,SNSV6-TOUCH-IT,양액재배소프트웨어,PLC용,,1,,,"300,000원"
420,인프로,구 동 기 1,IPR-IF-T03,환풍기컨트롤러,인버터컨트롤러,IPR-IF-T03,1,(주)인프로,대한민국,"4,950,000원"
421,인프로,S / W 1,IPR-IF-T03,제어/현황모니터링,우리농장,제어/현황모니터링,1,(주)인프로,대한민국,"3,300,000원"
422,(주)텔레비트,센 서 류 1,MN-40,온도센서,SNS#T502F,측정범위 : -40 ~ 120 ℃,1,센서랜드,대한민국,"55,000원"
423,(주)텔레비트,통 신 장 치 1,MN-40,RF 모듈,TB-RF525,447Mhz,1,(주)텔레비트,대한민국,"55,000원"
424,(주)텔레비트,통 신 장 치 2,MN-40,모뎀(전화기),KH1200,3G,1,LG전자,대한민국,"110,000원"
425,(주)텔레비트,S / W 1,MN-40,제어보드,TB-MN40,보감지 및 수집 알람 전송,1,(주)텔레비트,대한민국,"770,000원"
426,데키스트,센 서 류 1,RN400-T2GS,WiFi 가스센서,RN400-T2GS,암모니아 100ppm,1,데키스트,대한민국,"5,000,000원"
427,데키스트,센 서 류 2,RN400-T2GS,WiFi 온습도센서,RN400-H2PS,"온도,습도",1,데키스트,대한민국,"1,000,000원"
428,데키스트,센 서 류 3,RN400-T2GS,WiFi 미세먼지 및 tVOC센서,RN400-T2PM,미세먼지 및 tVOC,1,데키스트,대한민국,"3,000,000원"
429,데키스트,센 서 류 4,RN400-T2GS,휴대용측정기,UA54,암모니아 100ppm,1,데키스트,대한민국,"1,000,000원"
430,데키스트,S / W 1,RN400-T2GS,클라우드형 모니터링 S/W,Tapaculo365,클라우드 기반,1,데키스트,대한민국,0원
431,데키스트,센 서 류 1,RN400-H2PS,WiFi 온습도센서,RN400-H2PS,"온도,습도",1,데키스트,대한민국,"1,000,000원"
432,데키스트,S / W 1,RN400-H2PS,클라우드형 웹소프트웨어,타파쿨로365,클라우드기반,1,데키스트,대한민국,0원
433,데키스트,센 서 류 1,UA54,UA54,UA54,NH3-100 or H2S 50,1,(주)데키스트,대한민국,"1,000,000원"
434,데키스트,S / W 1,UA54,타파쿨로 모바일,Tapaculo Mobile,모바일 App,1,(주)데키스트,대한민국,0원
435,데키스트,센 서 류 1,RN400-T2PM,WiFi미세먼지측정기,RN400-T2PM,"미세먼지, tVOC",1,데키스트,대한민국,"3,000,000원"
436,데키스트,S / W 1,RN400-T2PM,클라우드형 웹소프트웨어,타파쿨로365,클라우드기반,1,데키스트,대한민국,0원
437,(주)파머스올농업회사법인,센 서 류 1,HA-1500,온습도센서,DH22,,1,ASAR,중국,"100,000원"
438,(주)파머스올농업회사법인,센 서 류 2,HA-1500,수량센서,VTY10,,1,SIKa,독일,"200,000원"
439,(주)파머스올농업회사법인,구 동 기 1,HA-1500,하나로투약기,FA-1801,,1,(주)파머스올,한국,"2,500,000원"
440,(주)파머스올농업회사법인,통 신 장 치 1,HA-1500,통신모듈,ESP-8266,,1,,중국,"200,000원"
441,(주)파머스올농업회사법인,S / W 1,HA-1500,운용프로그램,FA-100,,1,(주)파머스올,한국,"1,000,000원"
442,(주)파머스올농업회사법인,센 서 류 1,HA-500,온습도센서,DH22,,1,ASAR,중국,"100,000원"
443,(주)파머스올농업회사법인,센 서 류 2,HA-500,수량센서,VTY10,,1,SIKa,독일,"200,000원"
444,(주)파머스올농업회사법인,구 동 기 1,HA-500,하나로컨디션,FA-1901,,1,(주)파머스올,한국,"2,000,000원"
445,(주)파머스올농업회사법인,통 신 장 치 1,HA-500,통신모듈,ESP-8266,,1,,중국,"200,000원"
446,(주)파머스올농업회사법인,S / W 1,HA-500,운용프로그램,FA-110,,1,(주)파머스올,한국,"500,000원"
447,(주)경농,센 서 류 1,COMPASS4S,외부기상대,WSC11,일사/온도/습도/풍향/풍속,1,프리바,네덜란드,"3,500,000원"
448,(주)경농,센 서 류 2,COMPASS4S,내부온습도상자,건습구 방식,3K/NTC,1,프리바,네덜란드,"1,200,000원"
449,(주)경농,구 동 기 1,COMPASS4S,COMPASS,4S,"UI:16, DO:16",1,프리바,네덜란드,"9,000,000원"
450,(주)경농,S / W 1,COMPASS4S,온실환경제어,Advance,,1,프리바,네덜란드,"1,600,000원"
451,(주)그랜드,구 동 기 1,GsmartFarm복합환경제어기,복합환경제어기,G-CEC-P16,32bit,1,그랜드,대한민국,"20,000,000원"
452,(주)그랜드,S / W 1,GsmartFarm복합환경제어기,스마트팜모니터링,GMonitor,web,1,그랜드,대한민국,"6,000,000원"
453,삼일엔지니어링,센 서 류 1,SIWP-1000,풍향/풍속센서,TSS8942,6방위 resistor type cup-type2.4 km/h,1,ARGENT,미국,"200,000원"
454,삼일엔지니어링,센 서 류 2,SIWP-1000,강우센서,WRS-095,bucket type 0.2794mm/PULS,1,㈜우성하이텍,국산,"180,000원"
455,삼일엔지니어링,센 서 류 3,SIWP-1000,일사센서,ML-01C,0.20mV/Wm-2,1,EKO,일본,"450,000원"
456,삼일엔지니어링,센 서 류 4,SIWP-1000,"온도,습도",SNJ-3000,"온/습도센서모듈 SPI통신 -40~120℃, 0~100%",1,(주)인지시스템,국산,"300,000원"
457,삼일엔지니어링,센 서 류 5,SIWP-1000,온도조절기,FOX-2001CC,"> 냉각 또는 히타 제어용 > 섭씨, 화씨 표시 선택기능 > RS 485 통신",1,코노텍,국산,"40,000원"
458,삼일엔지니어링,센 서 류 6,SIWP-1000,온도조절기,FOX-2000TT,"> 온도와 타임에 의한 제어 비닐하우스(유리온실) 개폐문 조절기로 사용 > 열림온도, 닫힘온도 설정가능 > 열림 시간, 닫힘 시간 설정가능 > 상/하한 온도 설정 범위 제한 기능",1,코노텍,국산,"45,000원"
459,삼일엔지니어링,센 서 류 7,SIWP-1000,"내부온습도,CO2",HV-VT260,"측정 방식 NDIR 방식   측정 범위 0~3000ppm,0~5000ppm,0~10000ppm   정밀도 Full Scale 의 ±2%, 측정값의±3% @ 0 ~ 50℃  신호 업데이트 간격 Every 2.0 Seconds   Warm-up Time @25℃ < 90Sec   작동 온도 -10 ~ 50℃   작동 습도 0 ~ 99.5%RH",1,소하테크,국산,"650,000원"
460,삼일엔지니어링,구 동 기 1,SIWP-1000,구동기,SIMC-1000,"사용전원:3상4선식 380V.SIZE:W900*H1800*D500.  제어 :개폐기, 유동휀, 보광등, 양액기등",1,삼일엔지니어링,국산,"12,000,000원"
461,삼일엔지니어링,통 신 장 치 1,SIWP-1000,센서노드,SST-S-SL,RS485통신,1,삼일엔지니어링,국산,"550,000원"
462,삼일엔지니어링,S / W 1,SIWP-1000,복합환경제어기,SIWP-1000,RS485통신,1,삼일엔지니어링,국산,"17,600,000원"
463,주식회사 현진테크,센 서 류 1,SFV-VHJ100,내부온/습도센서,CM2105-WP,온도 ？40~80 °C,1,씨링크테크,중국,"78,000원"
464,주식회사 현진테크,구 동 기 1,SFV-VHJ100,통합 구동 제어기,RASPBERRY-PI3 Model B+,1.4GHz 64-bit quad-core ARM Cortex-A53 CPU,1,라즈베리파이,영국,"1,000,000원"
465,주식회사 현진테크,구 동 기 2,SFV-VHJ100,장치제어기,Songle-SRD(T73),"3V 8채널, 출력: 250V/10A(AC),30V/10A(DC)",2,ShenzenAV,중국,"200,000원"
466,주식회사 현진테크,구 동 기 3,SFV-VHJ100,인터페이스 단자대,XTB-40H,"24V DC, 1A",1,삼원액트,한국,"20,000원"
467,주식회사 현진테크,구 동 기 4,SFV-VHJ100,확장케이블,C40HH-10PH,"1A, 30V",1,삼원액트,한국,"30,000원"
468,주식회사 현진테크,구 동 기 5,SFV-VHJ100,트랜스,40VA,"24V, 40VA",1,남양전기,한국,"30,000원"
469,주식회사 현진테크,구 동 기 6,SFV-VHJ100,기타부속,,"전선,콘센트,휴즈 등",1,,,"100,000원"
470,주식회사 현진테크,통 신 장 치 1,SFV-VHJ100,공유기,ipTIME N704BCM,"300Mbps, 11n 4LAN",1,ipTIME,중국,"50,000원"
471,주식회사 현진테크,S / W 1,SFV-VHJ100,팜뷰 App,SFV_APP100,스마트팜 원격제어,1,(주)현진테크,(주)현진테크,"2,000,000원"
472,주식회사 소하테크,센 서 류 1,SH-MVP510,"CO₂,온도,습도  센서",SH-VT260,DC24V 1.5A,1,소하테크,한국,"532,400원"
473,주식회사 소하테크,구 동 기 1,SH-MVP510,터치 컨트롤러,SH-VT510,DC24V 1.5A,1,소하테크,한국,"485,100원"
474,주식회사 소하테크,구 동 기 2,SH-MVP510,출력 컨트롤러,SH-VT515,DC24V 1.5A,1,소하테크,한국,"323,400원"
475,주식회사 소하테크,통 신 장 치 1,SH-MVP510,모뎀 장치,SH-TCPto485,DC5V 1.2A,1,소하테크,한국,"297,000원"
476,주식회사 소하테크,S / W 1,SH-MVP510,작물관리시스템,Uni-Farm,연납/대수별상이,1,소하테크,한국,"120,000원"
477,주식회사 하나로수경,센 서 류 1,외부감지기-OH01,풍향센서,FST200-2001,측정범위 : 0 ~ 360°,1,FirstRate,중국,"300,000원"
478,주식회사 하나로수경,센 서 류 2,외부감지기-OH01,풍속센서,FST200-1001,측정범위 : 0.5 ~ 50m/s,1,FirstRate,중국,"300,000원"
479,주식회사 하나로수경,센 서 류 3,외부감지기-OH01,감우센서,FST100-2007,강우 ON/OFF,1,FirstRate,중국,"500,000원"
480,주식회사 하나로수경,센 서 류 4,외부감지기-OH01,"온도, 습도, 일사량센서(브라켓포함)",FST100-2201,"측정범위 : -40 ~ 80℃,  RH 0 ~ 100%, 0 ~ 65535Lux",1,FirstRate,중국,"800,000원"
481,주식회사 하나로수경,센 서 류 1,내부감지기-IH01,온습도센서,FST100-2006,"측정범위 : -40 ~ 80℃, RH 0 ~ 100%",1,"Hunan Firstrate sensor Co., Ltd",중국,"300,000원"
482,주식회사 하나로수경,센 서 류 2,내부감지기-IH01,CO2센서,FST100-2004,측정범위 : 0 ~ 5000ppm,1,"Hunan Firstrate sensor Co., Ltd",중국,"350,000원"
483,주식회사 하나로수경,센 서 류 3,내부감지기-IH01,"온습도, CO2센서",FST100-2201,"측정범위 : -40 ~ 80℃, RH 0 ~ 100%, 0 ~ 5000ppm",1,"Hunan Firstrate sensor Co., Ltd",중국,"650,000원"
484,주식회사 하나로수경,센 서 류 4,내부감지기-IH01,CO2,FST100-2006,"측정범위 : -40 ~ 80℃, RH 0 ~ 100%",1,"Hunan Firstrate sensor Co., Ltd",중국,"350,000원"
485,스마트코리아 딤넷,센 서 류 1,스마트컨트롤러,온/습도센서,THD-DD1-T,온도:-19.9~60 / 습도:0.0~99.9,1,오토닉스,한국,"300,000원"
486,스마트코리아 딤넷,구 동 기 1,스마트컨트롤러,통합제어기,스마트컨트롤러,,1,스마트코리아딤넷,한국,"8,500,000원"
487,스마트코리아 딤넷,구 동 기 2,스마트컨트롤러,CCTV,HAC-HFW1100R,30fps@720p,4,다후아,중국,"1,000,000원"
488,스마트코리아 딤넷,구 동 기 3,스마트컨트롤러,녹화장비,XVR5104HS-X,4CH,1,다후아,중국,"1,000,000원"
489,스마트코리아 딤넷,구 동 기 4,스마트컨트롤러,제어장치(PLC),XBM-DN32HP,,1,LS산전,한국,원
490,스마트코리아 딤넷,구 동 기 5,스마트컨트롤러,제어장치(터치스크린),TOPRW0700WD,,1,엠투아이,한국,원
491,스마트코리아 딤넷,통 신 장 치 1,스마트컨트롤러,센서노드,sLory,LoRa통신:917~923MHz,1,시스템베이스,한국,"600,000원"
492,신한에이텍(주),센 서 류 1,GK-3000,CO2센서,SH-VT250,-,1,소하테크,대한민국,원
493,주식회사 아이오티팜 농업회사법인,센 서 류 1,NAIS-1000양액공급기,EC센서,EC-01,0~10ms/cm,1,(주)아이오티팜,대한민국,"200,000원"
494,주식회사 아이오티팜 농업회사법인,센 서 류 2,NAIS-1000양액공급기,pH센서,pH-5000,1~14,1,SENSOREX,USA,"200,000원"
495,주식회사 아이오티팜 농업회사법인,센 서 류 3,NAIS-1000양액공급기,유량센서,YF-DN50,14펄수/L,1,Shenzhen,China,"100,000원"
496,주식회사 아이오티팜 농업회사법인,통 신 장 치 1,NAIS-1000양액공급기,RS-485일체형,GW-10,RS-485,2,(주)아이오티팜,대한민국,"400,000원"
497,주식회사 아이오티팜 농업회사법인,S / W 1,NAIS-1000양액공급기,양액환경모니터링,JH-3000,원격환경제어,1,(주)아이오티팜,대한민국,"600,000원"
498,한국네타핌유한회사,센 서 류 1,Netaflex,EC센서,EC SENSOR,,1,NETAFIM,이스라엘,"421,500원"
499,한국네타핌유한회사,센 서 류 2,Netaflex,pH센서,pH SENSOR,,1,NETAFIM,이스라엘,"306,000원"
500,한국네타핌유한회사,구 동 기 1,Netaflex,EC&PH 트랜스미터,EC&PH Transmitter,,1,NETAFIM,이스라엘,"892,500원"
501,한국네타핌유한회사,통 신 장 치 1,Netaflex,통신카드,통신 카드 NMC64 485,,1,NETAFIM,이스라엘,"328,500원"
502,한국네타핌유한회사,통 신 장 치 2,Netaflex,통신모뎀,MUX,,1,NETAFIM,이스라엘,"1,335,000원"
503,한국네타핌유한회사,S / W 1,Netaflex,양액기,NMC-PRO 컨트롤러,,1,NETAFIM,이스라엘,"5,220,000원"
504,한국네타핌유한회사,센 서 류 1,Fertikit,EC센서,EC SENSOR,,1,NETAFIM,이스라엘,"421,500원"
505,한국네타핌유한회사,센 서 류 2,Fertikit,pH센서,pH SENSOR,,1,NETAFIM,이스라엘,"306,000원"
506,한국네타핌유한회사,구 동 기 1,Fertikit,EC&PH 트랜스미터,EC&PH Transmitter,,1,NETAFIM,이스라엘,"1,183,500원"
507,한국네타핌유한회사,통 신 장 치 1,Fertikit,통신카드,NMC64 485,,1,NETAFIM,이스라엘,"328,500원"
508,한국네타핌유한회사,통 신 장 치 2,Fertikit,통신모뎀,MUX,,1,NETAFIM,이스라엘,"1,335,000원"
509,한국네타핌유한회사,S / W 1,Fertikit,양액기,MC-PRO 컨트롤러,,1,NETAFIM,이스라엘,"5,220,000원"
510,한국네타핌유한회사,센 서 류 1,Netajet,EC센서,EC SENSOR,,1,NETAFIM,이스라엘,"421,500원"
511,한국네타핌유한회사,센 서 류 2,Netajet,pH센서,pH SENSOR,,1,NETAFIM,이스라엘,"306,000원"
512,한국네타핌유한회사,구 동 기 1,Netajet,EC&PH 트랜스미터,EC&PH Transmitter,,1,NETAFIM,이스라엘,"892,500원"
513,한국네타핌유한회사,통 신 장 치 1,Netajet,통신카드,NMC64 485,,1,NETAFIM,이스라엘,"328,500원"
514,한국네타핌유한회사,통 신 장 치 2,Netajet,통신모뎀,MUX,,1,NETAFIM,이스라엘,"1,335,000원"
515,한국네타핌유한회사,S / W 1,Netajet,양액기,NMC-PRO 컨트롤러,,1,NETAFIM,이스라엘,"5,220,000원"
516,주식회사 케이에프농업개발,센 서 류 1,KF7,EC센서,KF-Series,4~20mA,1,KF농업개발,한국,"120,000원"
517,주식회사 케이에프농업개발,센 서 류 2,KF7,pH센서,KF-Series,4~20mA,1,뉴콥,네들란드,"200,000원"
518,주식회사 케이에프농업개발,센 서 류 3,KF7,일사센서,KF-Series,4~20mA,1,KF농업개발,한국,"200,000원"
519,주식회사 케이에프농업개발,구 동 기 1,KF7,관수펌프,KF-Series,0.5~15HP,1,윌로,한국,"350,000원"
520,주식회사 케이에프농업개발,구 동 기 2,KF7,솔레노이드밸브,KF-Series,AC24V,3,버마드,이스라엘,"100,000원"
521,주식회사 케이에프농업개발,구 동 기 3,KF7,컨트롤판넬,KF-Series,400*150*1000,1,KF농업개발,한국,"3,500,000원"
522,주식회사 케이에프농업개발,S / W 1,KF7,터치스크린,KF-Series,8~10인치,1,KF농업개발,한국,"550,000원"
523,주식회사 케이에프농업개발,S / W 2,KF7,제어소프트웨어,KF-Series,펌웨어,1,KF농업개발,한국,"2,500,000원"
524,주식회사 케이에프농업개발,센 서 류 1,KF9,EC센서,KF-Series,4~20mA,1,KF농업개발,한국,"120,000원"
525,주식회사 케이에프농업개발,센 서 류 2,KF9,pH센서,KF-Series,4~20mA,1,뉴콥,네들란드,"200,000원"
526,주식회사 케이에프농업개발,센 서 류 3,KF9,일사센서,KF-Series,4~20mA,1,KF농업개발,한국,"200,000원"
527,주식회사 케이에프농업개발,구 동 기 1,KF9,관수펌프,KF-Series,0.5~15HP,1,윌로,한국,"1,200,000원"
528,주식회사 케이에프농업개발,구 동 기 2,KF9,솔레노이드밸브,KF-Series,AC24V,5,버마드,이스라엘,"100,000원"
529,주식회사 케이에프농업개발,구 동 기 3,KF9,컨트롤판넬,KF-Series,400*150*1000,1,KF농업개발,한국,"4,000,000원"
530,주식회사 케이에프농업개발,S / W 1,KF9,터치스크린,KF-Series,8~10인치,1,KF농업개발,한국,"600,000원"
531,주식회사 케이에프농업개발,S / W 2,KF9,제어소프트위어,KF-Series,펌웨어,1,KF농업개발,한국,"3,500,000원"
532,주식회사 케이에프농업개발,센 서 류 1,KF5,EC센서,KF-Series,4~20mA,1,KF농업개발,한국,"120,000원"
533,주식회사 케이에프농업개발,센 서 류 2,KF5,pH센서,KF-Series,4~20mA,1,뉴콥,네들란드,"200,000원"
534,주식회사 케이에프농업개발,구 동 기 1,KF5,관수펌프,KF-Series,0.5~15HP,1,윌로,한국,"350,000원"
535,주식회사 케이에프농업개발,구 동 기 2,KF5,솔레노이드밸브,KF-Series,AC24V,3,버마드,이스라엘,"100,000원"
536,주식회사 케이에프농업개발,구 동 기 3,KF5,컨트롤판넬,KF-Series,400*150*1000,1,KF농업개발,한국,"3,000,000원"
537,주식회사 케이에프농업개발,S / W 1,KF5,터치스크린,KF-Series,8인치,1,KF농업개발,한국,"450,000원"
538,주식회사 케이에프농업개발,S / W 2,KF5,제어소프트웨어,KF-Series,펌웨어,1,KF농업개발,한국,"2,000,000원"
539,주식회사 케이에프농업개발,센 서 류 1,KF3,EC센서,KF-Series,4~20mA,1,KF농업개발,한국,"120,000원"
540,주식회사 케이에프농업개발,구 동 기 1,KF3,관수펌프,KF-Series,0.5~15HP,1,윌로,한국,"300,000원"
541,주식회사 케이에프농업개발,구 동 기 2,KF3,솔레노이드밸브,KF-Series,AC24V,2,버마드,이스라엘,"100,000원"
542,주식회사 케이에프농업개발,구 동 기 3,KF3,컨트롤판넬,KF-Series,400*150*1000,1,KF농업개발,한국,"2,500,000원"
543,주식회사 케이에프농업개발,S / W 1,KF3,터치스크린,KF-Series,8인치,1,KF농업개발,한국,"450,000원"
544,주식회사 케이에프농업개발,S / W 2,KF3,제어소프트웨어,KF-Series,펌웨어,1,KF농업개발,한국,"1,500,000원"
545,대영지에스주식회사,센 서 류 1,CX-500,외부기상센서,Meteo CX weather station complete,"온도,습도,풍향,풍속,강우측정",1,Ridder,네델란드,"7,480,000원"
546,대영지에스주식회사,센 서 류 2,CX-500,"온도,습도측정",MTV Active,"건구,습구 온도 측정",1,Ridder,네델란드,"1,140,000원"
547,대영지에스주식회사,구 동 기 1,CX-500,메인제어장치,IPC Base cabinet,메인판넬,1,Ridder,네델란드,"10,500,000원"
548,대영지에스주식회사,구 동 기 2,CX-500,확장판넬,Extension pannel,확장판넬,1,Ridder,네델란드,"2,680,000원"
549,대영지에스주식회사,통 신 장 치 1,CX-500,통신모듈,HMX1006 Transmitter,통신카드,1,Ridder,네델란드,"1,007,000원"
550,대영지에스주식회사,통 신 장 치 2,CX-500,통신카드,DO16 / AI16,"입력,출력카드",1,Ridder,네델란드,"1,734,000원"
551,대영지에스주식회사,S / W 1,CX-500,소프트웨어,Synopta professional,,1,Ridder,네델란드,"5,620,000원"
552,대영지에스주식회사,S / W 2,CX-500,소프트웨어,Synopta Ultimate,,1,Ridder,네델란드,"10,130,000원"
553,대영지에스주식회사,센 서 류 1,FertiMix,EC 센서,mec12,4극,2,Ridder,네델란드,"1,400,000원"
554,대영지에스주식회사,센 서 류 2,FertiMix,pH센서,sz-1893,무보충 2극,2,Ridder,네델란드,"360,000원"
555,대영지에스주식회사,구 동 기 1,FertiMix,공급펌프,3m40-125/4.06,4kw,1,Ebara,일본,"1,365,000원"
556,대영지에스주식회사,구 동 기 2,FertiMix,원수펌프,3m40-125/3.06,3kw,1,Ebara,일본,"1,140,000원"
557,대영지에스주식회사,구 동 기 3,FertiMix,혼합탱크,mixingtank,400liter,1,국제pvc,한국,"1,800,000원"
558,대영지에스주식회사,통 신 장 치 1,FertiMix,제어판넬,전원판넬,500 x 500 x 250,1,리팩시스템,한국,"2,000,000원"
559,대영지에스주식회사,S / W 1,FertiMix,환경제어,cx500,4~20ma,1,Ridder,네델란드,"6,500,000원"
560,그린랩스,센 서 류 1,SMART-G2A,ph센서,PSP1020CD,D20,1,,한국,"150,000원"
561,그린랩스,센 서 류 2,SMART-G2A,pH 트랜스미터,0~14pH,0~14pH,1,,한국,"200,000원"
562,그린랩스,센 서 류 3,SMART-G2A,EC 센서,CDS1015K100C5,D20,1,,한국,"150,000원"
563,그린랩스,센 서 류 4,SMART-G2A,EC 트랜스미터,레일마운트형,0~5mS,1,,한국,"200,000원"
564,그린랩스,구 동 기 1,SMART-G2A,유량계,IR-901-W0,D40,1,버마드,한국,"400,000원"
565,그린랩스,구 동 기 2,SMART-G2A,펌프,PU-S604M/WILO,D40,1,WILO,한국,"163,000원"
566,그린랩스,구 동 기 3,SMART-G2A,액비공급용 전자밸브,젬솔,D15,4,,한국,"280,000원"
567,그린랩스,통 신 장 치 1,SMART-G2A,서브기가,YUL262RTX,262MHz BAND,1,라디오리써치,한국,"38,900원"
568,그린랩스,S / W 1,SMART-G2A,양액기 1.0 양액용,원격제어프그램탑재,원격제어프그램탑재,1,그린랩스,한국,"1,000,000원"
569,주식회사 케이에프농업개발,센 서 류 1,KF-3700,외부기상대,KF-3700,,1,KF농업개발,한국,"3,000,000원"
570,주식회사 케이에프농업개발,센 서 류 2,KF-3700,내부기상센서,KF-3700,,2,KF농업개발,한국,"1,500,000원"
571,주식회사 케이에프농업개발,구 동 기 1,KF-3700,제어기,KF-3700,,1,KF농업개발,한국,"5,500,000원"
572,주식회사 케이에프농업개발,S / W 1,KF-3700,운용소프트웨어,KF-3700,,1,KF농업개발,한국,"5,000,000원"
573,(주)다온알에스,통 신 장 치 1,다오니,다오니,DAONi-con,LoRa통신,1,(주)다온알에스,대한민국,원
574,(주)다온정보기술,센 서 류 1,DP-VHC100,온습도센서,CNT-TM100,"-20℃~80℃, 0~100%RH",1,(주)코노텍,대한민국,"145,000원"
575,(주)다온정보기술,센 서 류 2,DP-VHC100,감우센서,HTL-301,패널히터내장,1,해밀기연,대한민국,"138,000원"
576,(주)다온정보기술,구 동 기 1,DP-VHC100,전용컨트롤러,CH-100,"파워릴레이스위치, 개폐형, 스위치형",1,청오엔지니어링,대한민국,"800,000원"
577,(주)다온정보기술,통 신 장 치 1,DP-VHC100,IP공유기,IP-Time 604M,- WiFi 최대 1200Mbps 지원,1,이에프엠네트웍스,중국,"40,500원"
578,(주)다온정보기술,통 신 장 치 2,DP-VHC100,통합제어기,DP-VHC100,TCP/IP 이더넷통신,1,(주)다온정보,대한민국,"2,300,000원"
579,(주)다온정보기술,통 신 장 치 3,DP-VHC100,팜톡데이터수집기,FSNI-100,커런트루프 통신 방식에 의해 안정화,1,(주)다온정보,대한민국,"198,000원"
580,(주)다온정보기술,S / W 1,DP-VHC100,팜톡 애플리케이션,DP-FPA1000,"카메라로 개폐기나 측창을 보면서 구동기를 제어하며, 내부센서와 외부센서 정보를 모니터링 하며, 구동기나 환풍기, 관수시설 등을 제어하고 그 이력을 보여주며, 고온 및 저온, 감우에 따른 자동제어를 설정하고 제어할 수 있다. 또한 PTZ카메라의 경우 카메라의 회전, 기울기, 확대축소가 가능하다.",1,(주)다온정보,대한민국,"500,000원"
581,주식회사 엔엔케이,센 서 류 1,Ground-One,온도센서,THD Series,-19.9~60.0℃,10,오토닉스,대한민국,"96,000원"
582,주식회사 엔엔케이,센 서 류 2,Ground-One,온도센서,GPT-100-10,-50~ +300℃,10,길우트레이딩,대한민국,"99,000원"
583,주식회사 엔엔케이,센 서 류 3,Ground-One,습도센서,GPT-100-10,0.0~99.9%RH,10,오토닉스,대한민국,"96,000원"
584,주식회사 엔엔케이,센 서 류 4,Ground-One,강우센서,DRC-3000,24Vdc,1,태성기전,대한민국,"119,000원"
585,주식회사 엔엔케이,센 서 류 5,Ground-One,강우센서,BSR-307,24Vdc,1,삼화기전,대한민국,"119,000원"
586,주식회사 엔엔케이,구 동 기 1,Ground-One,모터,WSM series,"AC, DC",100,우성하이텍,대한민국,"77,000원"
587,주식회사 엔엔케이,구 동 기 2,Ground-One,모터,M series,"AC, DC",100,엠파인,대한민국,"75,000원"
588,주식회사 엔엔케이,통 신 장 치 1,Ground-One,터치PC,Cpi series,24Vdc,1,컴파일테크놀로지,대한민국,"330,000원"
589,주식회사 엔엔케이,S / W 1,Ground-One,장비 운영S/W,Ground series,.EXE,1,엔엔케이,대한민국,0원
590,주식회사 엔엔케이,S / W 2,Ground-One,스마트폰운영S/W,Ground series,.apk,1,엔엔케이,대한민국,0원
591,한국네타핌유한회사,센 서 류 1,NMC-PRO,온습도상자,NMC MEASURING BOX SE TEMP&HUMIDITY,,1,NETAFIM,이스라엘,"1,035,000원"
592,한국네타핌유한회사,센 서 류 2,NMC-PRO,기상대,NMC METEO STAT-230V-ARM+TH+RAD+- RAIN+WIND,,1,NETAFIM,이스라엘,"4,095,000원"
593,한국네타핌유한회사,통 신 장 치 1,NMC-PRO,통신모뎀,MUX,,1,NETAFIM,이스라엘,"1,335,000원"
594,한국네타핌유한회사,통 신 장 치 2,NMC-PRO,통신카드,NMC64 485,,1,NETAFIM,이스라엘,"328,500원"
595,한국네타핌유한회사,S / W 1,NMC-PRO,환경제어기,NMC-PRO Climate,,1,NETAFIM,이스라엘,"11,520,000원"
596,(주)유샘인스트루먼,센 서 류 1,ZF-3C,엽면수분센서,ZF-640,감지,1,유샘,한국,"700,000원"
597,(주)유샘인스트루먼,센 서 류 2,ZF-3C,온습도센서,ZF-100H,온습도센서,1,유샘,한국,"360,000원"
598,(주)유샘인스트루먼,센 서 류 3,ZF-3C,광량센서,ZF-150,광량자,1,유샘,한국,"600,000원"
599,(주)유샘인스트루먼,센 서 류 4,ZF-3C,CO2센서,ZF-416,CO2,1,유샘,한국,"400,000원"
600,(주)유샘인스트루먼,구 동 기 1,ZF-3C,센서노드,ZF-04,Node,1,유샘,한국,"700,000원"
601,(주)유샘인스트루먼,통 신 장 치 1,ZF-3C,게이트웨이,ZF-10F,Gateway,1,유샘,한국,"860,000원"
602,(주)유샘인스트루먼,S / W 1,ZF-3C,유샘웹,웹서버,서버,1,유샘,한국,원
603,이레ENG,센 서 류 1,버섯재배사자동제어시스템JR-500,온습도센서,SHT10,0~99%,1,센시리온,스위스,"250,000원"
604,이레ENG,센 서 류 2,버섯재배사자동제어시스템JR-500,CO2센서,B530G,0~5000ppm,1,이엘티센서,한국,"350,000원"
605,이레ENG,구 동 기 1,버섯재배사자동제어시스템JR-500,컨트롤러,JR500,,1,이레ENG,한국,"800,000원"
606,이레ENG,통 신 장 치 1,버섯재배사자동제어시스템JR-500,원격제어,RTU,데이터변환장치,1,이레ENG,한국,"1,500,000원"
607,이레ENG,통 신 장 치 2,버섯재배사자동제어시스템JR-500,무선송수신,블루투스,,1,이레ENG,한국,"300,000원"
608,(주) 비엔씨하이텍,센 서 류 1,BCS-H,온도센서,CNT-TM100,-20~100ºC,1,코노텍,한국,"300,000원"
609,(주) 비엔씨하이텍,센 서 류 2,BCS-H,습도센서,CNT-TM100,0~99%,1,코노텍,한국,"300,000원"
610,(주) 비엔씨하이텍,센 서 류 3,BCS-H,강우센서,HTL-301,-20~+60,1,해밀기연,한국,"400,000원"
611,(주) 비엔씨하이텍,센 서 류 4,BCS-H,풍향풍속센서,MCT-TX350B,"풍속:0~70, 풍향:0~359도",1,엠씨테크,한국,"3,500,000원"
612,(주) 비엔씨하이텍,센 서 류 5,BCS-H,CO2센서,SH-VT250,0~10000ppm,1,소하테크,한국,"1,000,000원"
613,(주) 비엔씨하이텍,통 신 장 치 1,BCS-H,통합제어기,TSC-3000,,1,제이에이테크,한국,"18,000,000원"
614,(주)농정사이버,센 서 류 1,nj2015,온도습도센서,NJ-1,"display,통신",1,(주)농정사이버,대한민국,"250,000원"
615,(주)농정사이버,센 서 류 2,nj2015,외부온도습도센서,NJ-2,"display,통신",1,(주)농정사이버,대한민국,"250,000원"
616,(주)농정사이버,센 서 류 3,nj2015,CO2센서,SH-VT260,통신,1,소하테크,대한민국,"450,000원"
617,(주)농정사이버,센 서 류 4,nj2015,일사센서,SYE-2007PM,통신,1,신영전자,대한민국,"350,000원"
618,(주)농정사이버,센 서 류 5,nj2015,감우센서,HTL-301,릴레이,1,해밀기연,대한민국,"130,000원"
619,(주)농정사이버,센 서 류 6,nj2015,풍향풍속센서,Anemomet-7911,통신,1,Davis,미국,"880,000원"
620,(주)농정사이버,센 서 류 7,nj2015,"지습,지온,EC센서",NJ-3,통신,1,(주)농정사이버,대한민국,"600,000원"
621,(주)농정사이버,센 서 류 8,nj2015,"PH,EC센서",NJ-4,통신,1,(주)농정사이버,대한민국,"600,000원"
622,(주)농정사이버,구 동 기 1,nj2015,복합환경제어반,NJ-5,"PLC,차단기,마그네트,릴레이,외함등",1,(주)농정사이버,대한민국,"8,000,000원"
623,(주)농정사이버,구 동 기 2,nj2015,환경제어컨트롤라,NJ-6,"PLC,릴레이,외함",1,(주)농정사이버,대한민국,"5,500,000원"
624,(주)농정사이버,통 신 장 치 1,nj2015,통신자재(컴버터),Multi-l,USB/RS485,1,시스템베이스,대한민국,"240,000원"
625,(주)농정사이버,S / W 1,nj2015,스마트원격제어,NJ-01,스마트폰및원격제어,1,(주)농정사이버,대한민국,"4,500,000원"
626,(주)농정사이버,S / W 2,nj2015,환경제어프로그램,NJ-02,온실환경제어프로그램,1,(주)농정사이버,대한민국,"5,000,000원"
627,(주)나래IoT연구소,센 서 류 1,반딧불이-스마트원격제어시스템,온도센서,NTC-10K,"10KΩ, 온도: -25~65℃",1,센서랜드,대한민국,"20,000원"
628,(주)나래IoT연구소,센 서 류 2,반딧불이-스마트원격제어시스템,습도센서,NR-AG-S06,0~100%RH,1,(주)나래트랜드,대한민국,"80,000원"
629,(주)나래IoT연구소,구 동 기 1,반딧불이-스마트원격제어시스템,통합제어기,스마트팜  원격제어시스템,"IN/OUT Port, Relay Board, 통신네트워",1,(주)나래트랜드,대한민국,"2,600,000원"
630,(주)나래IoT연구소,통 신 장 치 1,반딧불이-스마트원격제어시스템,센서노드,ES-06,"RS485, 4~20mA, 전압형 센서적용",1,(주)나래트랜드,대한민국,"250,000원"
631,(주)나래IoT연구소,S / W 1,반딧불이-스마트원격제어시스템,팜노트,팜노트,Web,1,(주)나래트랜드,대한민국,"2,000,000원"
632,(주)나래IoT연구소,S / W 2,반딧불이-스마트원격제어시스템,어플리케이션,반딧불이,스마트폰,1,(주)나래트랜드,대한민국,"500,000원"
633,(주)드림씨에스씨,센 서 류 1,ECO24,온도센서,,0~100,1,(주)지원,한국,"20,000원"
634,(주)드림씨에스씨,센 서 류 2,ECO24,습도센서,,0~100,1,(주)지원,한국,"20,000원"
635,(주)드림씨에스씨,통 신 장 치 1,ECO24,RTU,,수신기,1,(주)지원,한국,"500,000원"
636,(주)드림씨에스씨,통 신 장 치 2,ECO24,MODBUS,,송신기,1,(주)지원,한국,"500,000원"
637,(주)드림씨에스씨,센 서 류 1,titan24,온도센서,,0~100,1,(주)지원,한국,"20,000원"
638,(주)드림씨에스씨,센 서 류 2,titan24,습도센서,,0~100,1,(주)지원,한국,"20,000원"
639,(주)드림씨에스씨,통 신 장 치 1,titan24,RTU,,수신기,1,(주)지원,한국,"500,000원"
640,(주)드림씨에스씨,통 신 장 치 2,titan24,MODBUS,,송신기,1,(주)지원,한국,"500,000원"
641,(주)드림씨에스씨,센 서 류 1,ECO18,온도센서,,0~100,1,(주)지원,한국,"20,000원"
642,(주)드림씨에스씨,센 서 류 2,ECO18,습도센서,,0~100,1,(주)지원,한국,"20,000원"
643,(주)드림씨에스씨,통 신 장 치 1,ECO18,RTU,,수신기,1,(주)지원,한국,"500,000원"
644,(주)드림씨에스씨,통 신 장 치 2,ECO18,MODBUS,,송신기,1,(주)지원,한국,"500,000원"
645,주식회사에어텍,센 서 류 1,ASCU-H100,온도콘트롤러,SI-COOL8,,1,승일전자,한국,원
646,주식회사에어텍,센 서 류 2,ASCU-H100,온도센서,,PT100,,승일전자,한국,원
647,주식회사에어텍,구 동 기 1,ASCU-H100,압축기,ZR 108KCE-TF7,,1,코플랜드,,원
648,주식회사에어텍,구 동 기 2,ASCU-H100,시로코팬,AS-1110D,,2,경진브로아,한국,원
649,주식회사에어텍,구 동 기 3,ASCU-H100,응축기 모터,AT413,,2,유신코리아,한국,원
650,주식회사에어텍,센 서 류 1,ASCU-100,온도콘트롤러,SI-COOL8,,1,승일전자,한국,원
651,주식회사에어텍,센 서 류 2,ASCU-100,온도센서,,PT100,1,승일전자,한국,원
652,주식회사에어텍,구 동 기 1,ASCU-100,압축기,ZR 108KCE-TF7,,1,코플랜드,,원
653,주식회사에어텍,구 동 기 2,ASCU-100,시로코팬,AS-1110D,,2,경진브로아,한국,원
654,주식회사에어텍,구 동 기 3,ASCU-100,응축기 모터,AT413,,2,유신코리아,한국,원
655,주식회사 에쿨텍,구 동 기 1,AGRO-FOGSYSTEM,고압펌프,AGRO-HP1315,"2.2kw,380,60Hz,RSTN(4상)",1,"Taizhou Fog machine Co.,Ltd",china,"2,500,000원"
656,주식회사 에쿨텍,통 신 장 치 1,AGRO-FOGSYSTEM,통합제어기,TSC-2000,,1,JA테크,대한민국,"15,000,000원"
657,(주)드림씨에스씨,센 서 류 1,titan16,온도센서,,0~100,1,(주)지원,한국,"20,000원"
658,(주)드림씨에스씨,센 서 류 2,titan16,습도센서,,0~100,1,(주)지원,한국,"20,000원"
659,(주)드림씨에스씨,통 신 장 치 1,titan16,RTU,,수신기,1,(주)지원,한국,"500,000원"
660,(주)드림씨에스씨,통 신 장 치 2,titan16,MODBUS,,송신기,1,(주)지원,한국,"500,000원"
661,주식회사 에쿨텍,구 동 기 1,AGRO-CP150,수중펌프,DPW140-220,"220v,60hz",1,대화전기,대한민국,"300,000원"
662,주식회사 에쿨텍,통 신 장 치 1,AGRO-CP150,통합제어기,TSC-2000,,1,JA테크,대한민국,"15,000,000원"
663,(주)드림씨에스씨,센 서 류 1,titan20,온도센서,,0~100,1,(주)지원,한국,"20,000원"
664,(주)드림씨에스씨,센 서 류 2,titan20,습도센서,,0~100,1,(주)지원,한국,"20,000원"
665,(주)드림씨에스씨,통 신 장 치 1,titan20,RTU,,수신기,1,(주)지원,한국,"500,000원"
666,(주)드림씨에스씨,통 신 장 치 2,titan20,MODBUS,,송신기,1,(주)지원,한국,"500,000원"
667,(주)드림씨에스씨,센 서 류 1,ECO16,온도센서,,0~100,1,(주)지원,한국,"20,000원"
668,(주)드림씨에스씨,센 서 류 2,ECO16,습도센서,,0~100,1,(주)지원,한국,"20,000원"
669,(주)드림씨에스씨,통 신 장 치 1,ECO16,RTU,,수신기,1,(주)지원,한국,"500,000원"
670,(주)드림씨에스씨,통 신 장 치 2,ECO16,MODBUS,,송신기,1,(주)지원,한국,"500,000원"
671,(주)드림씨에스씨,센 서 류 1,titan18,온도센서,,0~100,1,(주)지원,한국,"20,000원"
672,(주)드림씨에스씨,센 서 류 2,titan18,습도센서,,0~100,1,(주)지원,한국,"20,000원"
673,(주)드림씨에스씨,통 신 장 치 1,titan18,RTU,,수신기,1,(주)지원,한국,"500,000원"
674,(주)드림씨에스씨,통 신 장 치 2,titan18,MODBUS,,송신기,1,(주)지원,한국,"500,000원"
675,(주)드림씨에스씨,센 서 류 1,ECO20,온도센서,,0~100,1,(주)지원,한국,"20,000원"
676,(주)드림씨에스씨,센 서 류 2,ECO20,습도센서,,0~100,1,(주)지원,한국,"20,000원"
677,(주)드림씨에스씨,통 신 장 치 1,ECO20,RTU,,수신기,1,(주)지원,한국,"500,000원"
678,(주)드림씨에스씨,통 신 장 치 2,ECO20,MODBUS,,송신기,1,(주)지원,한국,"500,000원"
